場所,レース,クラス,馬番,馬名,MS_index,MS_index_value,総合係数,総合判定,基準値,未勝利,コース,(判定),O_Month,O_Level,(判定),O_Trouble,O_Bias,(複合判定),S_Female,S_Handi,(複合判定),重賞,(判定),血統,(判定),総合係数
6,06_1,7,1,ターコイズテソーロ,4.17,38.0,0.584,E,65.0,1.0,1.12575,A,1.018,0.51,E,1.0,1.0,,1.0,1.0,,1.0,,1.0,,0.584
6,06_1,7,2,オッピポイカ,6.05,55.11,0.787,E,70.0,1.0,0.90696,D,1.018,1.0,,0.917,0.859,E,1.0,1.0,,1.0,,1.08265,B,0.787
6,06_1,7,3,スリーコーズ,12.84,116.98,1.662,SS,70.4,1.0,1.09419,B,1.018,1.294,SS,1.0,1.0,,1.0,1.0,,1.0,,1.15326,A,1.662
6,06_1,7,4,ニンジャトットリ,5.97,54.37,0.744,E,73.0,1.0,1.01246,,1.018,0.656,E,1.006,1.0,,1.0,1.0,,1.0,,1.0944,B,0.744
6,06_1,7,5,アイスメルティング,10.63,96.88,1.181,S,82.0,1.0,1.04535,D,1.018,1.0,,1.0,1.066,B,1.0,1.0,,1.0,,1.04148,D,1.181
6,06_1,7,6,ケイベエ,4.19,38.17,0.57,E,67.0,1.0,0.7907,E,1.018,0.741,E,1.0,1.0,,1.0,1.0,,1.0,,0.95514,D,0.57
6,06_1,7,7,ノボリフジ,3.52,32.03,0.593,E,54.0,1.0,0.89215,D,1.018,0.653,E,1.0,1.0,,1.0,1.0,,1.0,,1.0,,0.593
6,06_1,7,8,イトシサ,8.78,79.94,0.975,,82.0,1.0,1.28192,SS,1.018,0.747,E,1.0,1.0,,1.0,1.0,,1.0,,1.0,,0.975
6,06_1,7,9,カプリースカラー,5.97,54.36,0.921,D,59.0,1.0,1.26315,SS,1.018,0.747,E,1.0,1.0,,1.0,1.0,,1.0,,0.95911,D,0.921
6,06_1,7,10,セイカユウヒ,5.27,48.02,0.616,E,78.0,1.0,0.99724,,1.018,0.722,E,1.0,1.0,,1.0,1.0,,1.0,,0.84005,E,0.616
6,06_1,7,11,ムーンブランシュ,2.83,25.75,0.496,E,52.0,1.0,1.13697,A,1.018,0.49,E,0.817,0.927,E,1.0,1.0,,1.0,,1.15386,A,0.496
6,06_1,7,12,ジーティーソレイユ,10.26,93.45,1.28,SS,73.0,1.0,1.52525,SS,1.018,0.747,E,1.0,1.0,,1.0,1.0,,1.0,,1.10368,A,1.28
6,06_1,7,13,クールフィールド,6.65,60.55,0.829,E,73.0,1.0,0.88334,D,1.018,0.922,D,1.0,1.0,,1.0,1.0,,1.0,,1.0,,0.829
6,06_1,7,14,コロッセウム,6.96,63.42,0.893,D,71.0,1.0,0.97816,,1.018,1.0,,1.0,0.897,D,1.0,1.0,,1.0,,1.0,,0.893
6,06_1,7,15,タケノリダー,1.89,17.2,0.351,E,49.0,1.0,0.84272,E,1.018,0.409,E,1.0,1.0,,1.0,1.0,,1.0,,1.0,,0.351
6,06_1,7,16,コハクロン,4.03,36.74,0.656,E,56.0,1.0,1.10993,A,1.018,0.67,E,1.0,1.0,,1.0,1.0,,1.0,,0.86662,E,0.656
6,06_2,7,1,ブルーサーマル,11.46,92.21,1.213,S,76.0,1.0,1.10749,A,1.018,1.0,,0.983,1.0,,0.984,1.0,,1.0,,1.11273,A,1.213
6,06_2,7,2,サプーズ,8.08,65.04,1.162,S,56.0,1.0,1.20799,S,1.018,1.0,,1.0,1.0,,0.898,1.0,D,1.0,,1.05224,B,1.162
6,06_2,7,3,マスカルポーネ,6.68,53.77,0.815,E,66.0,1.0,0.9801,,1.018,1.0,,0.882,1.0,D,0.842,1.0,E,1.0,,1.09955,B,0.815
6,06_2,7,4,ホールドザデイ,9.13,73.47,1.021,,72.0,1.0,1.03828,,1.018,1.0,,1.003,1.0,,0.963,1.0,,1.0,,1.0,,1.021
6,06_2,7,5,ティンブロポップ,5.11,41.12,0.614,E,67.0,1.0,1.13884,A,1.018,0.593,E,1.0,1.0,,0.842,1.0,E,1.0,,1.06005,B,0.614
6,06_2,7,6,トラストレガート,3.76,30.23,0.755,E,40.0,1.0,0.94408,D,1.018,1.0,,1.0,1.0,,0.794,1.0,E,1.0,,0.9897,,0.755
6,06_2,7,7,グラスハーティー,6.63,53.32,0.821,E,65.0,1.0,0.89772,D,1.018,1.0,,1.0,1.0,,0.898,1.0,D,1.0,,1.0,,0.821
6,06_2,7,8,アリストクラット,3.52,28.28,0.479,E,59.0,1.0,0.95256,D,1.018,0.681,E,1.0,1.0,,0.794,1.0,E,1.0,,0.91312,D,0.479
6,06_2,7,9,アンデルストープ,4.93,39.64,0.601,E,66.0,1.0,1.07365,B,1.018,0.612,E,1.0,1.0,,0.898,1.0,D,1.0,,1.0,,0.601
6,06_2,7,10,バーヴァンシー,5.36,43.12,0.684,E,63.0,1.0,0.85728,E,1.018,1.0,,1.0,0.931,D,0.842,1.0,E,1.0,,1.0,,0.684
6,06_2,7,11,ハングローズ,7.95,63.97,0.901,D,71.0,1.0,1.10583,A,1.018,1.0,,0.884,0.859,E,0.898,1.0,D,1.0,,1.17399,S,0.901
6,06_2,7,12,ポイズンオーク,3.52,28.34,0.556,E,51.0,1.0,0.98195,,1.018,0.681,E,1.0,0.876,D,0.847,1.0,E,1.0,,1.10009,A,0.556
6,06_2,7,13,ナンヨーリクエスト,2.96,23.81,0.449,E,53.0,1.0,0.9948,,1.018,0.538,E,0.847,1.0,E,0.842,1.0,E,1.0,,1.15654,A,0.449
6,06_2,7,14,フラクタル,6.51,52.35,0.68,E,77.0,1.0,1.00463,,1.018,0.69,E,1.0,1.0,,0.963,1.0,,1.0,,1.0,,0.68
6,06_2,7,15,ジャストマイウェイ,5.28,42.45,0.787,E,54.0,1.0,1.08738,B,1.018,0.741,E,1.0,1.0,,0.959,1.0,D,1.0,,1.0,,0.787
6,06_2,7,16,フィーユレアル,9.13,73.42,0.967,,76.0,1.0,1.18926,S,1.018,0.713,E,1.0,1.0,,0.898,1.0,D,1.0,,1.24756,S,0.967
6,06_3,7,1,ジェイエルモーダル,4.55,31.85,0.531,E,60.0,1.0,0.907,D,1.018,0.578,E,1.0,1.0,,1.0,1.0,,1.0,,0.99437,,0.531
6,06_3,7,2,ウインターアヘッド,6.42,44.94,0.749,E,60.0,1.0,1.01012,,1.018,0.728,E,1.0,1.0,,1.0,1.0,,1.0,,1.0,,0.749
6,06_3,7,3,ソニックキャット,7.73,54.06,0.983,,55.0,1.0,1.00041,,1.018,1.0,,0.95,1.0,D,1.0,1.0,,1.0,,1.01559,,0.983
6,06_3,7,4,マリブ,3.6,25.21,0.6,E,42.0,1.0,0.90398,D,1.018,0.652,E,1.0,1.0,,1.0,1.0,,1.0,,1.0,,0.6
6,06_3,7,5,クルスデルスール,1.54,10.81,0.257,E,42.0,1.0,0.77908,E,1.018,0.348,E,1.0,0.909,D,1.0,1.0,,1.0,,1.026,,0.257
6,06_3,7,6,マイネルオランチア,8.76,61.3,0.789,E,77.7,1.0,1.03773,,1.018,0.655,E,1.0,1.0,,1.0,1.0,,1.0,,1.13978,A,0.789
6,06_3,7,7,フィールマイプラン,10.61,74.25,1.017,,73.0,1.0,1.01734,,1.018,1.0,,1.0,1.0,,1.0,1.0,,1.0,,0.98199,,1.017
6,06_3,7,8,モータリゼーション,2.13,14.92,0.298,E,50.0,1.0,0.76479,E,1.018,0.584,E,0.78,0.861,E,1.0,1.0,,1.0,,0.97657,,0.298
6,06_3,7,9,アオハルブルース,6.64,46.49,0.646,E,72.0,1.0,0.96537,,1.018,0.657,E,1.0,1.0,,1.0,1.0,,1.0,,1.0,,0.646
6,06_3,7,10,ウルヴァリン,2.83,19.8,0.336,E,59.0,1.0,0.80937,E,1.018,0.424,E,1.0,1.0,,1.0,1.0,,1.0,,0.96145,,0.336
6,06_3,7,11,ロケットパンチ,7.41,51.82,0.751,E,69.0,1.0,0.86614,E,1.018,0.852,E,1.0,1.0,,1.0,1.0,,1.0,,1.0,,0.751
6,06_3,7,12,オーキッドワン,5.9,41.28,1.007,,41.0,1.0,0.90059,D,1.018,1.0,,1.0,1.0,,1.0,1.0,,1.0,,1.09815,B,1.007
6,06_3,7,13,アデルフィー,5.25,36.75,0.623,E,59.0,1.0,0.85916,E,1.018,0.588,E,1.0,1.0,,1.0,1.0,,1.0,,1.21123,S,0.623
6,06_3,7,14,ヴァンデスペランス,10.9,76.29,1.122,A,68.0,1.0,1.0697,B,1.018,0.791,E,1.0,1.0,,1.0,1.0,,1.0,,1.30238,SS,1.122
6,06_3,7,15,ブレイズランナー,6.17,43.2,0.626,E,69.0,1.0,1.02056,,1.018,0.658,E,1.0,1.0,,1.0,1.0,,1.0,,0.91565,D,0.626
6,06_3,7,16,ユイノサダハル,9.54,66.72,0.914,D,73.0,1.0,1.15322,A,1.018,0.663,E,1.174,1.0,S,1.0,1.0,,1.0,,1.0,,0.914
6,06_5,15,1,ボンヴィアッジョ,7.7,113.05,1.427,SS,79.2,1.17335,0.98007,,0.968,1.0,,1.0,1.0,,1.0,1.0,,1.0,,1.28185,SS,1.427
6,06_5,15,2,フレキシブル,6.44,94.54,1.193,S,79.2,1.11963,1.02877,,0.968,1.0,,1.0,1.0,,1.0,1.0,,1.0,,1.07018,B,1.193
6,06_5,15,3,エリンフレーム,5.52,81.0,1.022,,79.2,1.04177,1.01384,,0.968,1.0,,1.0,1.0,,1.0,1.0,,1.0,,1.0,,1.022
6,06_5,15,4,アルナブ,4.35,63.89,0.806,E,79.2,0.94718,0.96131,,0.968,1.0,,1.0,1.0,,1.0,1.0,,1.0,,0.91488,D,0.806
6,06_5,15,5,カツノサーティーン,5.36,78.73,0.994,,79.2,1.01143,1.01495,,0.968,1.0,,1.0,1.0,,1.0,1.0,,1.0,,1.0,,0.994
6,06_5,15,6,ブラックゲイル,6.63,97.36,1.229,S,79.2,1.07166,1.0548,B,0.968,1.0,,1.0,1.0,,1.0,1.0,,1.0,,1.12299,A,1.229
6,06_5,15,7,マイトリックスター,9.38,137.79,1.739,SS,79.2,1.32917,0.97195,,0.968,1.0,,1.0,1.0,,1.0,1.0,,1.0,,1.3907,SS,1.739
6,06_5,15,8,ホウオウライラック,5.91,86.82,1.096,B,79.2,1.01705,1.04707,D,0.968,1.0,,1.0,1.0,,1.0,1.0,,1.0,,1.06299,B,1.096
6,06_5,15,9,タッチザスカイ,5.41,79.46,1.003,,79.2,1.05073,0.98603,,0.968,1.0,,1.0,1.0,,1.0,1.0,,1.0,,1.0,,1.003
6,06_5,15,10,リゾートライン,6.72,98.72,1.246,S,79.2,1.12737,1.12023,A,0.968,1.0,,1.0,1.0,,1.0,1.0,,1.0,,1.01926,,1.246
6,06_5,15,11,ヨドノヒロイン,6.92,101.55,1.282,SS,79.2,1.12887,1.01989,,0.968,1.0,,1.0,1.0,,1.0,1.0,,1.0,,1.15003,A,1.282
6,06_5,15,12,ヴォンドゥ,6.76,99.24,1.253,SS,79.2,1.24494,1.03937,,0.968,1.0,,1.0,1.0,,1.0,1.0,,1.0,,1.0,,1.253
6,06_5,15,13,スカット,5.13,75.39,0.952,D,79.2,1.07812,0.91184,D,0.968,1.0,,1.0,1.0,,1.0,1.0,,1.0,,1.0,,0.952
6,06_5,15,14,アイファーセラピー,6.31,92.68,1.17,S,79.2,0.9471,1.276,SS,0.968,1.0,,1.0,1.0,,1.0,1.0,,1.0,,1.0,,1.17
6,06_5,15,15,スローモーション,5.7,83.66,1.056,B,79.2,1.05003,1.03887,,0.968,1.0,,1.0,1.0,,1.0,1.0,,1.0,,1.0,,1.056
6,06_5,15,16,カンノンミッキー,5.75,84.43,1.066,B,79.2,1.06233,1.06133,B,0.968,1.0,,1.0,1.0,,1.0,1.0,,1.0,,0.97645,,1.066
6,06_6,7,1,ハロングロットル,3.89,43.17,0.744,E,58.0,1.0,1.16229,S,1.018,0.629,E,1.0,1.0,,1.0,1.0,,1.0,,1.0,,0.744
6,06_6,7,2,シデンイッセン,4.56,50.63,0.767,E,66.0,1.0,0.95103,D,1.018,0.73,E,1.0,1.0,,1.0,1.0,,1.0,,1.08466,B,0.767
6,06_6,7,3,ウインターブレス,4.63,51.35,0.802,E,64.0,1.0,1.02529,,1.018,0.729,E,1.0,1.0,,1.0,1.0,,1.0,,1.05432,B,0.802
6,06_6,7,4,ゼータレティクル,4.96,55.04,0.917,D,60.0,1.0,1.14074,A,1.018,0.77,E,1.0,1.0,,1.0,1.0,,1.0,,1.02518,,0.917
6,06_6,7,5,ウインベルチェーロ,3.49,38.77,0.657,E,59.0,1.0,0.90044,D,1.018,0.667,E,1.0,1.0,,1.0,1.0,,1.0,,1.07512,B,0.657
6,06_6,7,6,アイスアンドスノー,8.92,98.99,1.394,SS,71.0,1.0,1.23749,S,1.018,1.0,,1.0,1.0,,1.0,1.0,,1.0,,1.10667,A,1.394
6,06_6,7,7,エリュグレイス,6.65,73.76,0.911,D,81.0,1.0,1.05977,B,1.018,0.747,E,1.0,1.0,,1.0,1.0,,1.0,,1.12997,A,0.911
6,06_6,7,8,ウインリフレクト,3.37,37.35,0.574,E,65.0,1.0,1.00766,,1.018,0.56,E,1.0,1.0,,1.0,1.0,,1.0,,1.0,,0.574
6,06_6,7,9,ノーブルジャッカル,3.72,41.27,0.75,E,55.0,1.0,1.05211,B,1.018,0.747,E,1.0,1.0,,1.0,1.0,,1.0,,0.93785,D,0.75
6,06_6,7,10,マイネルアイフェル,4.14,45.96,0.718,E,64.0,1.0,0.93014,D,1.018,0.713,E,1.0,1.0,,1.0,1.0,,1.0,,1.06405,B,0.718
6,06_6,7,11,サトノマティーニ,6.25,69.29,0.866,E,80.0,1.0,1.03257,,1.018,0.747,E,1.0,1.0,,1.0,1.0,,1.0,,1.10307,A,0.866
6,06_6,7,12,アドマイヤウルトラ,5.55,61.57,0.832,E,74.0,1.0,1.02816,,1.018,0.72,E,1.0,1.0,,1.0,1.0,,1.0,,1.10443,A,0.832
6,06_6,7,13,マナイアカラニ,6.4,70.97,1.059,B,67.0,1.0,1.22539,S,1.018,0.832,E,1.0,1.0,,1.0,1.0,,1.0,,1.01995,,1.059
6,06_6,7,14,アンヴデット,4.33,47.99,0.923,D,52.0,1.0,1.21154,S,1.018,0.671,E,1.0,1.0,,1.0,1.0,,1.0,,1.11532,A,0.923
6,06_6,7,15,ガードオブオナー,6.13,67.98,0.945,D,72.0,1.0,1.09567,B,1.018,0.865,E,1.0,1.0,,1.0,1.0,,1.0,,0.97897,,0.945
6,06_6,7,16,グルノーブル,3.02,33.45,0.655,E,51.0,1.0,0.93296,D,1.018,0.69,E,1.0,1.0,,1.0,1.0,,1.0,,1.0,,0.655
6,06_6,7,17,ベアドッキューン,8.97,99.5,1.363,SS,73.0,1.0,1.2777,SS,1.018,1.134,A,1.0,1.0,,1.0,1.0,,1.0,,0.9239,D,1.363
6,06_6,7,18,タイセイスタナー,11.03,122.35,1.61,SS,76.0,1.0,1.35167,SS,1.018,1.0,,1.0,1.0,,1.0,1.0,,1.0,,1.16983,S,1.61
6,06_7,23,1,フィールオーサム,11.37,77.01,0.928,D,83.0,1.0,1.09796,B,1.038,0.657,E,1.0,1.0,,1.239,1.0,S,1.0,,1.0,,0.928
6,06_7,23,2,ノーブルノワール,3.6,24.39,0.344,E,71.0,1.0,0.79686,E,1.038,0.538,E,0.83,1.0,E,0.85,1.0,E,1.0,,1.09488,B,0.344
6,06_7,23,3,ノアチュロス,8.45,57.24,0.909,D,63.0,1.0,0.9401,D,1.038,1.0,,1.0,1.0,,0.855,1.0,E,1.0,,1.08901,B,0.909
6,06_7,23,4,キョウエイフロイデ,5.37,36.38,0.485,E,75.0,1.0,0.91009,D,1.038,0.649,E,0.913,1.0,D,0.88,1.0,D,1.0,,0.98402,,0.485
6,06_7,23,5,マーキュリーダイム,1.35,9.15,0.339,E,27.0,1.0,0.908,D,1.038,0.441,E,1.0,1.0,,0.815,1.0,E,1.0,,1.0,,0.339
6,06_7,23,6,ラジャアンパット,6.77,45.82,0.651,E,70.4,1.0,0.89435,D,1.038,0.774,E,1.0,1.0,,0.906,1.0,D,1.0,,1.0,,0.651
6,06_7,23,7,ラルガメンテ,6.41,43.42,0.689,E,63.0,1.0,0.90236,D,1.038,0.657,E,1.0,1.0,,1.065,1.0,B,1.0,,1.05112,B,0.689
6,06_7,23,8,リュミナーズ,7.63,51.69,0.76,E,68.0,1.0,0.96749,,1.038,0.655,E,1.0,1.0,,1.155,1.0,A,1.0,,1.0,,0.76
6,06_7,23,9,ムーランブルー,2.7,18.3,0.389,E,47.0,1.0,1.06219,B,1.038,0.475,E,1.0,1.0,,0.754,1.0,E,1.0,,0.98632,,0.389
6,06_7,23,10,カスバートテソーロ,5.82,39.42,0.563,E,70.0,1.0,0.85527,E,1.038,0.846,E,1.0,1.0,,0.993,1.0,,1.0,,0.75453,E,0.563
6,06_7,23,11,ブドワールドール,7.51,50.87,0.669,E,76.0,1.0,0.90272,D,1.038,0.719,E,1.0,1.0,,0.972,1.0,,1.0,,1.02134,,0.669
6,06_7,23,12,オメガストリーム,2.48,16.82,0.267,E,63.0,1.0,0.81654,E,1.038,0.547,E,0.81,1.0,E,0.855,1.0,E,1.0,,0.83163,E,0.267
6,06_7,23,13,ライズトゥザトップ,7.7,52.13,0.676,E,77.0,1.0,0.82577,E,1.038,0.682,E,0.945,1.0,D,0.993,1.0,,1.0,,1.2326,S,0.676
6,06_7,23,14,サイモンポーリア,4.9,33.18,0.488,E,68.0,1.0,0.84478,E,1.038,0.585,E,1.0,1.0,,0.827,1.0,E,1.0,,1.14965,A,0.488
6,06_7,23,15,ランスノーブル,17.92,121.33,1.319,SS,92.0,1.0,1.0094,,1.038,1.0,,1.0,1.0,,1.086,1.0,B,1.0,,1.15912,A,1.319
6,06_8,23,1,ファインサマーデイ,9.68,108.61,1.468,SS,74.0,1.0,1.82879,SS,1.038,0.747,E,1.0,1.0,,1.0,1.0,,1.0,,1.03506,,1.468
6,06_8,23,2,ヒシアイラ,12.12,136.02,1.462,SS,93.0,1.0,1.28336,SS,1.038,0.962,,1.0,1.0,,1.0,1.0,,1.0,,1.14111,A,1.462
6,06_8,23,3,ガラベイヤ,9.25,103.77,1.296,SS,80.0,1.0,1.31742,SS,1.038,0.828,E,1.0,1.0,,1.0,1.0,,1.0,,1.14488,A,1.296
6,06_8,23,4,サムハラ,14.88,167.01,2.087,SS,80.0,1.0,1.53354,SS,1.038,1.311,SS,1.0,1.0,,1.0,1.0,,1.0,,1.0,,2.087
6,06_8,23,5,コパノトーマス,5.73,64.31,0.96,,67.0,1.0,0.97749,,1.038,1.0,,0.946,1.0,D,1.0,1.0,,1.0,,1.0,,0.96
6,06_8,23,6,ミスターバッドガイ,7.52,84.44,0.927,D,91.0,1.0,1.17094,S,1.038,0.75,E,1.0,1.0,,1.0,1.0,,1.0,,1.01735,,0.927
6,06_8,23,7,シャルトル,13.33,149.58,1.781,SS,84.0,1.0,1.41902,SS,1.038,1.209,S,1.0,1.0,,1.0,1.0,,1.0,,1.0,,1.781
6,06_8,23,8,ベアアッコチャン,5.17,57.97,0.783,E,74.0,1.0,0.98872,,1.038,0.701,E,1.088,1.0,B,1.0,1.0,,1.0,,1.0,,0.783
6,06_8,23,9,ロンドンオービタル,7.94,89.08,1.012,,88.0,1.0,1.29351,SS,1.038,0.754,E,1.0,1.0,,1.0,1.0,,1.0,,1.0,,1.012
6,06_8,23,10,ヤマメライズ,6.43,72.16,0.869,E,83.0,1.0,1.15331,A,1.038,0.726,E,1.0,1.0,,1.0,1.0,,1.0,,1.0,,0.869
6,06_8,23,11,コックオーヴァン,7.95,89.19,1.049,D,85.0,1.0,1.40756,SS,1.038,0.718,E,1.0,1.0,,1.0,1.0,,1.0,,1.0,,1.049
6,06_9,43,1,ムジェロ,10.8,121.08,1.288,SS,94.0,1.0,1.1087,A,1.028,1.0,,1.0,1.063,B,1.0,1.0,,1.0,,1.06283,B,1.288
6,06_9,43,2,ダカラフェスティヴ,9.62,107.87,1.418,SS,76.0,1.0,1.34483,SS,1.028,1.026,,1.0,1.0,,1.0,1.0,,1.0,,1.0,,1.418
6,06_9,43,3,ファイアトリック,11.29,126.59,1.375,SS,92.0,1.0,1.18525,S,1.028,1.0,,1.0,1.003,,1.0,1.0,,1.0,,1.12527,A,1.375
6,06_9,43,4,ルーラーリッチ,2.03,22.8,0.3,E,76.0,1.0,0.67473,E,1.028,0.506,E,1.0,0.909,D,1.0,1.0,,1.0,,0.93967,D,0.3
6,06_9,43,5,ジョータルマエ,3.84,43.07,0.489,E,88.0,1.0,0.71086,E,1.028,0.741,E,0.866,0.858,E,1.0,1.0,,1.0,,1.21576,S,0.489
6,06_9,43,6,フジレイメイ,10.77,120.74,1.313,SS,92.0,1.0,1.03743,,1.028,1.0,,1.0,1.068,B,1.0,1.0,,1.0,,1.15239,A,1.313
6,06_9,43,7,サンライズウェーヴ,2.34,26.19,0.416,E,63.0,1.0,0.76367,E,1.028,0.579,E,1.0,1.0,,1.0,1.0,,1.0,,0.91447,D,0.416
6,06_9,43,8,オーシンハーフ,5.29,59.26,0.644,E,92.0,1.0,0.70455,E,1.028,0.681,E,1.0,1.0,,1.0,1.0,,1.0,,1.30499,SS,0.644
6,06_9,43,9,インジケーター,7.75,86.95,0.955,D,91.0,1.0,0.96067,,1.028,1.0,,1.0,0.967,,1.0,1.0,,1.0,,1.0,,0.955
6,06_9,43,10,オオタチ,4.96,55.63,0.639,E,87.0,1.0,0.81396,E,1.028,0.737,E,1.036,1.0,,1.0,1.0,,1.0,,1.0,,0.639
6,06_9,43,11,ニューファウンド,5.05,56.67,0.659,E,86.0,1.0,0.68207,E,1.028,0.741,E,0.963,1.0,,1.0,1.0,,1.0,,1.31625,SS,0.659
6,06_9,43,12,トクシースタローン,3.48,39.03,0.482,E,81.0,1.0,0.67955,E,1.028,0.539,E,1.0,1.0,,1.0,1.0,,1.0,,1.2789,SS,0.482
6,06_9,43,13,イデアユウシン,7.47,83.76,1.162,S,72.0,1.0,1.05355,B,1.028,1.0,,0.807,1.0,E,1.0,1.0,,1.0,,1.32979,SS,1.162
6,06_9,43,14,コスモコンフェルマ,6.26,70.2,1.002,,70.0,1.0,0.95189,D,1.028,1.0,,1.0,0.815,E,1.0,1.0,,1.0,,1.25635,SS,1.002
6,06_9,43,15,ボックスオフィス,3.69,41.39,0.552,E,75.0,1.0,0.89058,D,1.028,0.651,E,1.0,0.904,D,1.0,1.0,,1.0,,1.02365,,0.552
6,06_9,43,16,サトノトルネード,5.35,60.0,0.952,D,63.0,1.0,0.9213,D,1.028,0.922,D,1.0,1.0,,1.0,1.0,,1.0,,1.08989,B,0.952
6,06_10,67,1,カフジエニアゴン,7.95,96.87,1.065,B,91.0,1.0,0.83742,E,1.035,1.0,,1.142,1.009,A,1.0,1.049,D,1.0,,1.01693,,1.065
6,06_10,67,2,クーデール,11.57,140.95,1.395,SS,101.0,1.0,1.01507,,1.035,1.108,A,1.0,1.0,,1.0,1.081,B,1.0,,1.10859,A,1.395
6,06_10,67,3,アイファースキャン,3.8,46.24,0.531,E,87.0,1.0,0.93976,D,1.035,0.623,E,1.0,1.0,,1.0,0.877,D,1.0,,1.0,,0.531
6,06_10,67,4,スティールブルー,1.6,19.49,0.267,E,73.0,1.0,0.75718,E,1.035,0.563,E,0.939,0.953,D,1.0,0.691,E,1.0,,0.97847,,0.267
6,06_10,67,5,タマモダイジョッキ,2.97,36.2,0.407,E,89.0,1.0,0.81701,E,1.035,0.536,E,1.0,0.946,D,1.0,0.788,E,1.0,,1.20481,S,0.407
6,06_10,67,6,キタノソワレ,3.9,47.53,0.495,E,96.0,1.0,0.8459,E,1.035,0.681,E,1.0,1.0,,1.0,0.788,E,1.0,,1.05297,B,0.495
6,06_10,67,7,ゲキザル,9.2,112.05,1.179,S,95.0,1.0,0.7839,E,1.035,0.96,,1.0,1.0,,1.0,1.134,A,1.0,,1.33451,SS,1.179
6,06_10,67,8,ロサンゼルス,9.91,120.74,1.173,S,103.0,1.0,1.01933,,1.035,0.84,E,1.0,1.064,B,1.0,1.1,A,1.0,,1.1311,A,1.173
6,06_10,67,9,ビバップ,3.64,44.31,0.51,E,87.0,1.0,0.76008,E,1.035,0.642,E,1.0,1.0,,1.0,0.823,E,1.0,,1.22625,S,0.51
6,06_10,67,10,コブラ,9.9,120.62,1.284,SS,94.0,1.0,0.76821,E,1.035,1.0,,1.127,1.208,SS,1.0,0.939,D,1.0,,1.26295,SS,1.284
6,06_10,67,11,ドンレパルス,13.32,162.18,1.69,SS,96.0,1.0,0.80901,E,1.035,1.246,S,1.221,1.0,S,1.0,1.103,A,1.0,,1.20275,S,1.69
6,06_10,67,12,キュムロンニンバス,4.25,51.79,0.595,E,87.0,1.0,0.93709,D,1.035,0.623,E,0.982,1.0,,1.0,0.837,E,1.0,,1.19832,S,0.595
6,06_10,67,13,サザンエルフ,7.08,86.21,0.926,D,93.0,1.0,0.8382,E,1.035,0.776,E,1.027,1.0,,1.0,1.09,B,1.0,,1.22899,S,0.926
6,06_10,67,14,ミユキアイラブユー,2.11,25.68,0.325,E,79.0,1.0,0.64879,E,1.035,0.6,E,1.0,1.0,,1.0,0.752,E,1.0,,1.07389,B,0.325
6,06_10,67,15,ドラゴンウェルズ,6.08,74.09,0.763,E,97.0,1.0,0.83944,E,1.035,0.681,E,1.068,1.0,B,1.0,1.208,S,1.0,,1.0,,0.763
6,06_10,67,16,パルデンス,2.71,33.04,0.384,E,86.0,1.0,0.78321,E,1.035,0.539,E,1.0,1.0,,1.0,0.877,D,1.0,,1.00305,,0.384
6,06_11,115,1,ダノンエアズロック,11.44,147.11,1.262,SS,116.6,1.0,1.33111,SS,1.041,0.747,E,1.0,1.0,,1.0,1.0,,1.0,,1.21949,S,1.262
6,06_11,115,2,ランフォーヴァウ,8.1,104.15,1.108,A,94.0,1.0,1.36341,SS,1.041,0.726,E,1.0,1.0,,1.0,1.0,,1.0,,1.07503,B,1.108
6,06_11,115,3,タシット,6.11,78.53,0.844,E,93.0,1.0,1.00147,,1.041,0.767,E,1.0,1.0,,1.0,1.0,,1.0,,1.05563,B,0.844
6,06_11,115,4,カピリナ,7.39,94.95,0.979,,97.0,1.0,1.33587,SS,1.041,0.738,E,1.0,1.0,,1.0,1.0,,1.0,,0.95405,D,0.979
6,06_11,115,5,リラボニート,9.49,121.97,1.208,S,101.0,1.0,1.28019,SS,1.041,0.745,E,1.0,1.0,,1.0,1.0,,1.0,,1.21632,S,1.208
6,06_11,115,6,ハクサンバード,7.14,91.8,0.921,D,99.8,1.0,1.16135,S,1.041,0.72,E,1.0,1.0,,1.0,1.0,,1.0,,1.05758,B,0.921
6,06_11,115,7,ゾンニッヒ,4.96,63.77,0.665,E,96.0,1.0,1.0409,D,1.041,0.631,E,1.0,1.0,,1.0,1.0,,1.0,,0.97191,,0.665
6,06_11,115,8,ファンダム,6.22,79.93,0.816,E,98.0,1.0,1.06353,B,1.041,0.737,E,1.0,1.0,,1.0,1.0,,1.0,,1.0,,0.816
6,06_11,115,9,ゴンバデカーブース,4.66,59.85,0.73,E,82.0,1.0,1.10935,A,1.041,0.593,E,1.0,1.0,,1.0,1.0,,1.0,,1.06589,B,0.73
6,06_11,115,10,アケルナルスター,2.27,29.13,0.422,E,69.0,1.0,0.8418,E,1.041,0.546,E,1.0,1.0,,1.0,1.0,,1.0,,0.88201,D,0.422
6,06_11,115,11,エエヤン,3.04,39.09,0.482,E,81.0,1.0,0.70922,E,1.041,0.69,E,1.0,1.0,,1.0,1.0,,1.0,,0.94666,D,0.482
6,06_11,115,12,ダイシンヤマト,8.78,112.84,1.106,A,102.0,1.0,1.25776,SS,1.041,0.781,E,1.0,1.0,,1.0,1.0,,1.0,,1.0814,B,1.106
6,06_11,115,13,オニャンコポン,6.65,85.45,0.798,E,107.0,1.0,1.04012,D,1.041,0.701,E,1.0,1.0,,1.0,1.0,,1.0,,1.052,B,0.798
6,06_11,115,14,シルトホルン,13.77,176.97,1.805,SS,98.0,1.0,1.3071,SS,1.041,1.122,A,1.0,1.0,,1.0,1.0,,1.0,,1.18233,S,1.805
6,06_12,23,1,キャピタルリッチ,5.41,77.02,0.838,E,92.0,1.0,1.10407,A,1.038,0.72,E,1.0,1.0,,1.0,1.0,,1.0,,1.015,,0.838
6,06_12,23,2,トレベルオール,5.1,72.54,0.874,D,83.0,1.0,1.09121,B,1.038,0.765,E,1.0,1.0,,1.0,1.0,,1.0,,1.00898,,0.874
6,06_12,23,3,ミッキーマドンナ,8.23,117.18,1.056,B,111.0,1.0,0.95231,D,1.038,1.004,,1.0,1.0,,1.0,1.0,,1.0,,1.06369,B,1.056
6,06_12,23,4,ビップチェイス,4.42,62.87,1.186,S,53.0,1.0,1.06204,B,1.038,1.0,,1.0,1.0,,1.0,1.0,,1.0,,1.07597,B,1.186
6,06_12,23,5,ラファヴォリット,7.0,99.57,1.276,SS,78.0,1.0,1.175,S,1.038,0.74,E,1.0,1.0,,1.0,1.0,,1.0,,1.41425,SS,1.276
6,06_12,23,6,マリアイリダータ,12.0,170.84,1.691,SS,101.0,1.0,1.27247,SS,1.038,1.154,A,1.0,1.0,,1.0,1.0,,1.0,,1.10956,A,1.691
6,06_12,23,7,デルマジュテーム,4.28,60.92,0.858,E,71.0,1.0,1.00593,,1.038,0.735,E,1.0,1.0,,1.0,1.0,,1.0,,1.11833,A,0.858
6,06_12,23,8,マジカルワード,4.04,57.53,0.834,E,69.0,1.0,1.02878,,1.038,0.735,E,1.0,1.0,,1.0,1.0,,1.0,,1.06254,B,0.834
6,06_12,23,9,ピースヒロフェイス,4.93,70.16,0.866,E,81.0,1.0,1.18369,S,1.038,0.727,E,1.0,1.0,,1.0,1.0,,1.0,,0.96904,,0.866
6,06_12,23,10,クラウドセイル,6.05,86.09,0.946,D,91.0,1.0,1.08911,B,1.038,0.742,E,1.0,1.0,,1.0,1.0,,1.0,,1.12828,A,0.946
6,06_12,23,11,アドミラルシップ,4.97,70.72,0.832,E,85.0,1.0,1.04888,D,1.038,0.735,E,1.0,1.0,,1.0,1.0,,1.0,,1.03997,,0.832
6,06_12,23,12,ニシノインヴィクタ,4.99,71.04,1.029,,69.0,1.0,1.16679,S,1.038,0.632,E,1.0,1.0,,1.0,1.0,,1.0,,1.34444,SS,1.029
6,06_12,23,13,リーゼノアール,4.96,70.62,0.831,E,85.0,1.0,0.81199,E,1.038,1.0,,0.938,1.0,D,1.0,1.0,,1.0,,1.0507,B,0.831
6,06_12,23,14,トーセンリバーブ,5.22,74.34,0.799,E,93.0,1.0,1.05928,B,1.038,0.727,E,1.0,1.0,,1.0,1.0,,1.0,,1.0,,0.799
6,06_12,23,15,リーティアコナル,5.49,78.17,0.965,,81.0,1.0,1.2581,SS,1.038,0.739,E,1.0,1.0,,1.0,1.0,,1.0,,1.0,,0.965
6,06_12,23,16,ニヴルヘイム,4.18,59.53,0.754,E,79.0,1.0,0.92599,D,1.038,0.747,E,1.0,1.0,,1.0,1.0,,1.0,,1.04953,D,0.754
6,06_12,23,17,グランツローゼ,4.16,59.2,0.755,E,78.4,1.0,0.71822,E,1.038,1.0,,1.0,1.0,,1.0,1.0,,1.0,,1.0122,,0.755
6,06_12,23,18,スワローシチー,4.56,64.97,0.814,E,79.8,1.0,1.11381,A,1.038,0.704,E,1.0,1.0,,1.0,1.0,,1.0,,1.0,,0.814
8,08_1,7,1,サンリナリア,7.98,51.9,0.741,E,70.0,1.0,0.93288,D,1.018,0.747,E,1.0,1.045,D,1.0,1.0,,1.0,,1.0,,0.741
8,08_1,7,2,リアルアルバ,11.26,73.24,0.964,,76.0,1.0,0.81693,E,1.018,1.159,A,1.0,1.0,,1.0,1.0,,1.0,,1.0,,0.964
8,08_1,7,3,カリビアンダンサー,4.08,26.52,0.428,E,62.0,1.0,0.79279,E,1.018,0.578,E,0.917,1.0,D,1.0,1.0,,1.0,,1.0,,0.428
8,08_1,7,4,ラヴネヴァーダイズ,3.62,23.54,0.471,E,50.0,1.0,0.77028,E,1.018,0.681,E,0.86,1.0,E,1.0,1.0,,1.0,,1.0247,,0.471
8,08_1,7,5,グレイトソン,4.88,31.73,0.622,E,51.0,1.0,0.88423,D,1.018,0.681,E,1.0,1.0,,1.0,1.0,,1.0,,1.01437,,0.622
8,08_1,7,6,ナムラオットー,7.18,46.73,0.687,E,68.0,1.0,0.85208,E,1.018,0.869,E,0.965,1.0,,1.0,1.0,,1.0,,0.94402,D,0.687
8,08_1,7,7,ピョイットハレルヤ,7.13,46.38,0.663,E,70.0,1.0,0.99708,,1.018,0.664,E,0.983,1.0,,1.0,1.0,,1.0,,1.0,,0.663
8,08_1,7,8,サーバルマインド,3.03,19.74,0.449,E,44.0,1.0,0.68188,E,1.018,0.653,E,1.0,1.0,,1.0,1.0,,1.0,,0.98952,,0.449
8,08_1,7,9,マルシュボヌール,10.17,66.16,1.141,A,58.0,1.0,1.05324,B,1.018,1.0,,1.0,1.0,,1.0,1.0,,1.0,,1.06381,B,1.141
8,08_1,7,10,メリフルアス,7.87,51.18,0.721,E,71.0,1.0,1.01056,,1.018,0.665,E,1.0,1.0,,1.0,1.0,,1.0,,1.05382,B,0.721
8,08_1,7,11,モズセンピロ,0.07,0.44,0.443,E,1.0,1.0,0.9898,,1.018,0.481,E,1.0,1.0,,1.0,1.0,,1.0,,0.91389,D,0.443
8,08_1,7,12,テリオスヒナ,2.2,14.34,0.333,E,43.0,1.0,0.85447,E,1.018,0.466,E,0.911,1.0,D,1.0,1.0,,1.0,,0.90202,D,0.333
8,08_1,7,13,ヤマニンフェイエル,3.44,22.36,0.422,E,53.0,1.0,0.71192,E,1.018,0.582,E,1.0,1.0,,1.0,1.0,,1.0,,1.0,,0.422
8,08_1,7,14,ウォーターサグラダ,13.03,84.8,1.073,B,79.0,1.0,1.21903,S,1.018,0.972,,1.0,1.0,,1.0,1.0,,1.0,,0.88964,D,1.073
8,08_1,7,15,レッドレベンディス,7.32,47.65,0.662,E,72.0,1.0,0.80292,E,1.018,0.796,E,1.018,1.0,,1.0,1.0,,1.0,,1.0,,0.662
8,08_1,7,16,キャッチアシーフ,6.75,43.89,0.645,E,68.0,1.0,0.73237,E,1.018,0.741,E,1.0,0.867,E,1.0,1.0,,1.0,,1.34714,SS,0.645
8,08_2,7,1,ブラストビート,5.84,44.95,0.917,D,49.0,1.0,0.8989,D,1.018,1.0,,1.0,0.909,D,1.0,1.0,,1.0,,1.10224,A,0.917
8,08_2,7,2,キングズテイル,12.67,97.54,1.477,SS,66.0,1.0,1.05603,B,1.018,1.0,,1.213,1.083,SS,1.0,1.0,,1.0,,1.04606,D,1.477
8,08_2,7,3,ヴィエントデコラ,9.69,74.64,1.146,A,65.1,1.0,0.9956,,1.018,1.0,,1.0,1.131,A,1.0,1.0,,1.0,,1.0,,1.146
8,08_2,7,4,カイキアス,3.96,30.5,0.727,E,42.0,1.0,0.99387,,1.018,0.736,E,1.0,1.0,,1.0,1.0,,1.0,,0.97572,,0.727
8,08_2,7,5,サンライズアーサー,6.31,48.56,0.714,E,68.0,1.0,0.7394,E,1.018,1.0,,1.0,0.949,D,1.0,1.0,,1.0,,1.0,,0.714
8,08_2,7,6,イーグルチョイス,3.85,29.66,0.56,E,53.0,1.0,0.85451,E,1.018,1.0,,0.783,0.822,E,1.0,1.0,,1.0,,1.0,,0.56
8,08_2,7,7,サヴォアフェール,11.63,89.54,1.065,B,84.0,1.0,0.86531,E,1.018,1.0,,1.0,1.127,A,1.0,1.0,,1.0,,1.07326,B,1.065
8,08_2,7,8,ロードステラート,4.89,37.67,0.629,E,59.9,1.0,0.79413,E,1.018,1.0,,1.0,0.734,E,1.0,1.0,,1.0,,1.06078,B,0.629
8,08_2,7,9,ウシワカマル,3.68,28.35,0.481,E,59.0,1.0,0.87289,D,1.018,0.652,E,0.83,1.0,E,1.0,1.0,,1.0,,1.0,,0.481
8,08_2,7,10,ブラックコーラル,4.62,35.57,0.501,E,71.0,1.0,0.77474,E,1.018,0.655,E,1.0,0.929,D,1.0,1.0,,1.0,,1.0443,D,0.501
8,08_2,7,11,サンライズマシュー,5.64,43.4,0.804,E,54.0,1.0,1.1784,S,1.018,0.67,E,1.0,1.0,,1.0,1.0,,1.0,,1.0,,0.804
8,08_2,7,12,ニシノエビガタメ,6.17,47.54,0.779,E,61.0,1.0,1.09807,B,1.018,0.728,E,1.0,1.0,,1.0,1.0,,1.0,,0.95724,D,0.779
8,08_2,7,13,テーオータウンズ,5.45,41.94,0.932,D,45.0,1.0,0.80922,E,1.018,1.0,,1.0,1.0,,1.0,1.0,,1.0,,1.13113,A,0.932
8,08_2,7,14,アイルトン,9.32,71.8,0.945,D,76.0,1.0,0.97515,,1.018,0.952,D,1.0,1.0,,1.0,1.0,,1.0,,1.0,,0.945
8,08_2,7,15,ピコオーバル,2.25,17.3,0.293,E,59.0,1.0,0.79156,E,1.018,0.481,E,0.771,1.0,E,1.0,1.0,,1.0,,0.98165,,0.293
8,08_2,7,16,スマートグロワール,4.03,31.06,0.457,E,68.0,1.0,0.81079,E,1.018,0.681,E,1.0,1.0,,1.0,1.0,,1.0,,0.8123,E,0.457
8,08_3,7,1,ガルディエンヌ,12.88,76.87,0.96,,80.0,1.0,1.19569,S,1.018,0.657,E,1.062,0.976,,1.0,1.0,,1.0,,1.15824,A,0.96
8,08_3,7,2,ゼルダ,16.24,96.91,1.167,S,83.0,1.0,1.16793,S,1.018,0.655,E,1.202,1.156,SS,1.18,1.0,S,1.0,,0.91389,D,1.167
8,08_3,7,3,ココアプローズ,4.3,25.68,0.467,E,55.0,1.0,0.83745,E,1.018,0.65,E,1.0,1.0,,0.842,1.0,E,1.0,,1.0,,0.467
8,08_3,7,4,シャンドラテ,2.93,17.5,0.324,E,54.0,1.0,0.80787,E,1.018,0.483,E,0.904,1.0,D,0.847,1.0,E,1.0,,1.06448,B,0.324
8,08_3,7,5,ハンザキ,8.11,48.38,0.576,E,84.0,1.0,0.99413,,1.018,0.679,E,1.0,1.0,,0.898,1.0,D,1.0,,0.93361,D,0.576
8,08_3,7,6,モチモチチャン,2.52,15.06,0.456,E,33.0,1.0,0.85417,E,1.018,0.681,E,1.0,1.0,,0.807,1.0,E,1.0,,0.95403,D,0.456
8,08_3,7,7,アゲンストオッズ,14.01,83.57,1.114,A,75.0,1.0,1.19861,S,1.018,0.747,E,1.0,1.0,,1.143,1.0,A,1.0,,1.06931,B,1.114
8,08_3,7,8,ピコラディアント,3.65,21.77,0.375,E,58.0,1.0,0.88333,D,1.018,0.55,E,1.0,1.0,,0.794,1.0,E,1.0,,0.95446,D,0.375
8,08_3,7,9,アンジュラフィーユ,8.9,53.08,0.609,E,87.2,1.0,0.99986,,1.018,0.679,E,1.0,1.0,,0.898,1.0,D,1.0,,0.98154,,0.609
8,08_3,7,10,マルモリキャスター,7.44,44.37,0.592,E,75.0,1.0,0.98908,,1.018,0.697,E,1.0,1.0,,0.923,1.0,D,1.0,,0.91365,D,0.592
8,08_3,7,11,フェスティヴドレス,7.55,45.04,0.621,E,72.5,1.0,0.85778,E,1.018,0.681,E,0.884,1.0,D,0.963,1.0,,1.0,,1.22748,S,0.621
8,08_3,7,12,ピレシー,2.13,12.73,0.471,E,27.0,1.0,1.15323,A,1.018,0.53,E,1.0,1.0,,0.757,1.0,E,1.0,,1.0,,0.471
8,08_3,7,14,シュネープリンセス,2.03,12.14,0.289,E,42.0,1.0,0.91981,D,1.018,0.443,E,1.0,1.0,,0.757,1.0,E,1.0,,0.91965,D,0.289
8,08_3,7,15,ナムラソラン,4.09,24.4,0.339,E,72.0,1.0,0.75141,E,1.018,0.649,E,0.884,0.86,E,0.898,1.0,D,1.0,,1.0,,0.339
8,08_3,7,16,アンティスマ,3.2,19.11,0.375,E,51.0,1.0,0.85113,E,1.018,0.681,E,1.0,0.75,E,0.847,1.0,E,1.0,,1.0,,0.375
8,08_4,15,1,バケラッタ,7.84,99.22,1.231,S,80.6,1.07276,1.10358,A,0.968,1.0,,1.0,1.0,,1.0,1.0,,1.0,,1.07402,B,1.231
8,08_4,15,2,タイキジュビリー,7.71,97.57,1.21,S,80.6,1.07684,1.05207,B,0.968,1.0,,1.0,1.0,,1.0,1.0,,1.0,,1.10364,A,1.21
8,08_4,15,3,ハッピーブルー,6.39,80.9,1.004,,80.6,1.00481,1.03181,,0.968,1.0,,1.0,1.0,,1.0,1.0,,1.0,,1.0,,1.004
8,08_4,15,4,ランブリングマン,6.66,84.33,1.046,D,80.6,1.05027,1.02898,,0.968,1.0,,1.0,1.0,,1.0,1.0,,1.0,,1.0,,1.046
8,08_4,15,5,エイシンインアウト,6.92,87.66,1.087,B,80.6,1.0386,1.01139,,0.968,1.0,,1.0,1.0,,1.0,1.0,,1.0,,1.06938,B,1.087
8,08_4,15,6,チャーチルデュース,7.2,91.1,1.13,A,80.6,1.08469,1.07632,B,0.968,1.0,,1.0,1.0,,1.0,1.0,,1.0,,1.0,,1.13
8,08_4,15,7,メイショウルーク,5.86,74.21,0.921,D,80.6,1.0264,0.95273,D,0.968,1.0,,1.0,1.0,,1.0,1.0,,1.0,,0.97246,,0.921
8,08_4,15,8,ハイドパーク,5.66,71.62,0.888,D,80.6,1.04535,0.87804,D,0.968,1.0,,1.0,1.0,,1.0,1.0,,1.0,,1.0,,0.888
8,08_4,15,10,アメリカンスタイル,5.93,75.07,0.931,D,80.6,1.06495,0.90339,D,0.968,1.0,,1.0,1.0,,1.0,1.0,,1.0,,1.0,,0.931
8,08_4,15,11,タニセンゴールド,5.72,72.41,0.898,D,80.6,1.04456,0.88837,D,0.968,1.0,,1.0,1.0,,1.0,1.0,,1.0,,1.0,,0.898
8,08_4,15,12,アフリカンブラック,6.5,82.28,1.021,,80.6,1.0908,0.96667,,0.968,1.0,,1.0,1.0,,1.0,1.0,,1.0,,1.0,,1.021
8,08_4,15,13,ジャイアンバローズ,5.93,75.12,0.932,D,80.6,1.07812,0.89286,D,0.968,1.0,,1.0,1.0,,1.0,1.0,,1.0,,1.0,,0.932
8,08_4,15,14,グランマイース,6.39,80.92,1.004,,80.6,1.03387,1.00302,,0.968,1.0,,1.0,1.0,,1.0,1.0,,1.0,,1.0,,1.004
8,08_4,15,15,ストロングボーイ,6.7,84.85,1.053,B,80.6,0.92828,1.17133,S,0.968,1.0,,1.0,1.0,,1.0,1.0,,1.0,,1.0,,1.053
8,08_4,15,16,キリオス,8.6,108.84,1.35,SS,80.6,1.11291,1.10784,A,0.968,1.0,,1.0,1.0,,1.0,1.0,,1.0,,1.13123,A,1.35
8,08_5,15,1,メイショウタダツグ,5.76,97.21,1.189,S,81.7,1.17993,1.04862,D,0.968,1.0,,1.0,1.0,,1.0,1.0,,1.0,,0.99314,,1.189
8,08_5,15,2,メイショウマグナ,5.06,85.3,1.044,D,81.7,0.99301,1.08583,B,0.968,1.0,,1.0,1.0,,1.0,1.0,,1.0,,1.0,,1.044
8,08_5,15,3,クロームクロス,4.9,82.74,1.012,,81.7,0.99643,1.04959,D,0.968,1.0,,1.0,1.0,,1.0,1.0,,1.0,,1.0,,1.012
8,08_5,15,4,インディクイーン,5.52,93.08,1.139,A,81.7,1.11025,1.05972,B,0.968,1.0,,1.0,1.0,,1.0,1.0,,1.0,,1.0,,1.139
8,08_5,15,5,ソルトアイリス,6.08,102.65,1.256,SS,81.7,1.28522,1.00963,,0.968,1.0,,1.0,1.0,,1.0,1.0,,1.0,,1.0,,1.256
8,08_5,15,6,ニシノサリーナ,6.4,108.02,1.322,SS,81.7,1.20105,1.0654,B,0.968,1.0,,1.0,1.0,,1.0,1.0,,1.0,,1.06709,B,1.322
8,08_5,15,7,サッポロイクコ,5.46,92.04,1.126,A,81.7,1.19578,0.97298,,0.968,1.0,,1.0,1.0,,1.0,1.0,,1.0,,1.0,,1.126
8,08_5,15,8,スリーキズナヒメ,6.98,117.84,1.442,SS,81.7,1.25601,1.01119,,0.968,1.0,,1.0,1.0,,1.0,1.0,,1.0,,1.17284,S,1.442
8,08_5,15,9,フィエールシャンテ,5.44,91.72,1.122,A,81.7,1.12266,1.03271,,0.968,1.0,,1.0,1.0,,1.0,1.0,,1.0,,1.0,,1.122
8,08_5,15,10,テンダーワーズ,5.87,99.04,1.212,S,81.7,1.25831,0.99499,,0.968,1.0,,1.0,1.0,,1.0,1.0,,1.0,,1.0,,1.212
8,08_5,15,11,ファビュラスベガス,5.21,87.87,1.075,B,81.7,1.07968,1.02881,,0.968,1.0,,1.0,1.0,,1.0,1.0,,1.0,,1.0,,1.075
8,08_5,15,12,メイショウバルキア,5.61,94.62,1.158,A,81.7,1.09103,1.10444,A,0.968,1.0,,1.0,1.0,,1.0,1.0,,1.0,,0.99256,,1.158
8,08_5,15,13,サイモンゼスト,5.32,89.83,1.099,B,81.7,1.09268,1.03401,,0.968,1.0,,1.0,1.0,,1.0,1.0,,1.0,,1.00504,,1.099
8,08_5,15,14,ルナカカオ,5.6,94.45,1.156,A,81.7,0.9803,1.276,SS,0.968,1.0,,1.0,1.0,,1.0,1.0,,1.0,,0.9545,D,1.156
8,08_5,15,15,ツアーカード,4.46,75.2,0.92,D,81.7,1.00324,0.94754,D,0.968,1.0,,1.0,1.0,,1.0,1.0,,1.0,,1.0,,0.92
8,08_5,15,16,モズラブヤン,5.09,85.87,1.051,B,81.7,0.95832,1.1867,S,0.968,1.0,,1.0,1.0,,1.0,1.0,,1.0,,0.9545,D,1.051
8,08_5,15,17,オースミサイファー,4.5,75.86,0.928,D,81.7,0.98198,0.97659,,0.968,1.0,,1.0,1.0,,1.0,1.0,,1.0,,1.0,,0.928
8,08_5,15,18,ジャスティンカレラ,6.74,113.78,1.392,SS,81.7,1.29347,0.98187,,0.968,1.0,,1.0,1.0,,1.0,1.0,,1.0,,1.13249,A,1.392
8,08_6,23,1,リノアラ,4.54,22.34,0.355,E,63.0,1.0,0.78074,E,1.038,0.652,E,0.876,1.0,D,0.807,1.0,E,1.0,,0.94932,D,0.355
8,08_6,23,2,マテンロウシルビア,19.55,96.14,1.353,SS,71.0,1.0,0.68146,E,1.038,1.921,SS,1.0,1.0,,0.906,1.0,D,1.0,,1.09922,B,1.353
8,08_6,23,3,ガイラルディア,22.62,111.25,1.354,SS,82.2,1.0,0.94349,D,1.038,1.0,,1.0,1.0,,1.106,1.0,A,1.0,,1.25051,SS,1.354
8,08_6,23,4,アリストクラシア,13.56,66.69,0.733,E,91.0,1.0,0.95647,D,1.038,0.752,E,1.0,1.0,,0.938,1.0,D,1.0,,1.04684,D,0.733
8,08_6,23,5,アンジュアルディ,7.68,37.79,0.61,E,62.0,1.0,0.79322,E,1.038,1.0,,0.867,0.969,E,0.855,1.0,E,1.0,,1.03194,,0.61
8,08_6,23,6,イフリーティア,10.85,53.36,0.889,D,60.0,1.0,0.99545,,1.038,0.666,E,1.0,1.0,,1.154,1.0,A,1.0,,1.11946,A,0.889
8,08_6,23,7,ジュルナール,6.66,32.75,0.481,E,68.0,1.0,0.8087,E,1.038,0.681,E,0.906,0.921,E,0.968,1.0,,1.0,,1.0423,D,0.481
8,08_6,23,8,レディゴディヴァ,6.28,30.91,0.423,E,73.0,1.0,0.71091,E,1.038,0.694,E,0.912,1.0,D,0.906,1.0,D,1.0,,1.0,,0.423
8,08_6,23,9,ローズゴジャール,8.25,40.58,0.614,E,66.0,1.0,0.95919,D,1.038,0.681,E,1.0,1.0,,0.906,1.0,D,1.0,,1.0,,0.614
8,08_7,23,1,ヴィヴァシャス,4.9,48.6,0.694,E,70.0,1.0,1.12516,A,1.038,0.65,E,1.0,1.0,,1.0,1.0,,1.0,,0.91389,D,0.694
8,08_7,23,2,ハヤブサオヒメサマ,5.76,57.13,0.782,E,73.0,1.0,1.04483,D,1.038,0.658,E,1.0,1.0,,1.0,1.0,,1.0,,1.09646,B,0.782
8,08_7,23,3,ハイクライテリア,5.54,54.91,0.695,E,79.0,1.0,0.83037,E,1.038,1.0,,0.845,1.0,E,1.0,1.0,,1.0,,0.95435,D,0.695
8,08_7,23,4,ムギトルナ,7.56,74.92,0.912,D,82.2,1.0,0.87854,D,1.038,1.0,,1.0,1.0,,1.0,1.0,,1.0,,1.0,,0.912
8,08_7,23,5,ミッシオーネ,2.22,22.04,0.408,E,54.0,1.0,0.70796,E,1.038,0.606,E,0.917,1.0,D,1.0,1.0,,1.0,,1.0,,0.408
8,08_7,23,6,サンマルノヴェル,11.86,117.56,1.399,SS,84.0,1.0,0.8616,E,1.038,1.574,SS,1.0,1.0,,1.0,1.0,,1.0,,0.99387,,1.399
8,08_7,23,7,メイショウサトノヒ,6.95,68.86,0.883,D,78.0,1.0,0.80881,E,1.038,1.0,,1.0,1.0,,1.0,1.0,,1.0,,1.05148,B,0.883
8,08_7,23,8,ポンピエ,4.37,43.35,0.535,E,81.0,1.0,0.77613,E,1.038,0.696,E,1.0,1.0,,1.0,1.0,,1.0,,0.9539,D,0.535
8,08_7,23,9,サマーナイト,3.36,33.35,0.407,E,82.0,1.0,0.67136,E,1.038,0.578,E,1.0,1.0,,1.0,1.0,,1.0,,1.00942,,0.407
8,08_7,23,10,スズノソレイユ,3.1,30.73,0.549,E,56.0,1.0,0.72277,E,1.038,0.681,E,1.0,1.0,,1.0,1.0,,1.0,,1.07368,B,0.549
8,08_7,23,11,グランデスフィーダ,4.22,41.83,0.53,E,79.0,1.0,0.77779,E,1.038,0.645,E,0.974,1.0,,1.0,1.0,,1.0,,1.04429,D,0.53
8,08_7,23,12,イーブンベター,5.63,55.81,0.744,E,75.0,1.0,1.02259,,1.038,0.656,E,1.0,1.0,,1.0,1.0,,1.0,,1.06831,B,0.744
8,08_7,23,13,エイシンマールス,9.84,97.54,1.148,A,85.0,1.0,0.92532,D,1.038,1.051,B,0.991,1.0,,1.0,1.0,,1.0,,1.14744,A,1.148
8,08_7,23,14,メイケイレイン,8.13,80.57,0.995,,81.0,1.0,1.0113,,1.038,1.0,,0.979,1.0,,1.0,1.0,,1.0,,0.96789,,0.995
8,08_7,23,15,ジェミート,10.19,101.05,1.162,S,87.0,1.0,0.84412,E,1.038,0.786,E,1.0,1.06,B,1.0,1.0,,1.0,,1.59182,SS,1.162
8,08_7,23,16,セボンサデッセ,6.35,62.93,0.715,E,88.0,1.0,0.83468,E,1.038,0.883,D,1.0,0.935,D,1.0,1.0,,1.0,,1.0,,0.715
8,08_8,23,1,オリーブグリーン,15.28,140.86,1.619,SS,87.0,1.0,1.15307,A,1.038,1.202,S,1.0,1.0,,1.0,1.0,,1.0,,1.1253,A,1.619
8,08_8,23,2,スコーピオンイメル,8.6,79.35,0.979,,81.0,1.0,1.00852,,1.038,0.795,E,1.0,1.0,,1.0,1.0,,1.0,,1.1764,S,0.979
8,08_8,23,3,コズミックダンサー,6.32,58.29,0.748,E,78.0,1.0,1.02441,,1.038,0.703,E,1.0,1.0,,1.0,1.0,,1.0,,1.0,,0.748
8,08_8,23,4,ロードシュヴァリエ,3.11,28.68,0.345,E,83.0,1.0,0.73981,E,1.038,0.415,E,1.0,1.0,,1.0,1.0,,1.0,,1.08309,B,0.345
8,08_8,23,5,モーメントキャッチ,11.17,102.96,1.355,SS,76.0,1.0,0.97903,,1.038,1.177,S,1.0,1.0,,1.0,1.0,,1.0,,1.13301,A,1.355
8,08_8,23,6,ミラクルブルー,10.13,93.44,1.168,S,80.0,1.0,0.99225,,1.038,1.098,B,1.0,1.0,,1.0,1.0,,1.0,,1.03286,,1.168
8,08_8,23,7,グレイルクエスト,7.75,71.51,0.893,D,80.0,1.0,0.80063,E,1.038,0.893,D,1.0,1.0,,1.0,1.0,,1.0,,1.2039,S,0.893
8,08_8,23,8,ユキノクラウン,4.55,41.94,0.524,E,80.0,1.0,0.79086,E,1.038,0.681,E,1.0,1.0,,1.0,1.0,,1.0,,0.93736,D,0.524
8,08_8,23,9,ブルーストレイル,4.83,44.53,0.602,E,74.0,1.0,0.7771,E,1.038,0.538,E,1.0,1.0,,1.0,1.0,,1.0,,1.38734,SS,0.602
8,08_8,23,10,ディニテ,8.85,81.6,0.971,,84.0,1.0,0.95193,D,1.038,0.893,D,1.0,1.0,,1.0,1.0,,1.0,,1.10038,A,0.971
8,08_8,23,11,リアルスター,4.01,36.98,0.462,E,80.0,1.0,0.69701,E,1.038,0.639,E,1.0,1.0,,1.0,1.0,,1.0,,1.0,,0.462
8,08_8,23,12,テンカオーライ,3.74,34.45,0.515,E,67.0,1.0,0.76453,E,1.038,0.641,E,1.0,1.0,,1.0,1.0,,1.0,,1.01167,,0.515
8,08_8,23,13,セーデルマンランド,4.82,44.45,0.609,E,73.0,1.0,0.86544,E,1.038,0.681,E,0.914,1.0,D,1.0,1.0,,1.0,,1.08849,B,0.609
8,08_8,23,14,ルクスメンデス,2.25,20.72,0.305,E,68.0,1.0,0.74984,E,1.038,0.483,E,1.0,0.75,E,1.0,1.0,,1.0,,1.0807,B,0.305
8,08_8,23,15,ジュンビクトワール,4.6,42.4,0.652,E,65.0,1.0,0.77033,E,1.038,0.681,E,1.0,1.0,,1.0,1.0,,1.0,,1.19734,S,0.652
8,08_9,43,1,パンデアスカル,19.64,205.31,2.231,SS,92.0,1.0,1.13927,A,1.028,1.525,SS,1.0,1.0,,1.0,1.0,,1.0,,1.24916,S,2.231
8,08_9,43,2,パーサヴィアランス,4.08,42.63,0.666,E,64.0,1.0,0.92986,D,1.028,0.619,E,1.0,1.0,,1.0,1.0,,1.0,,1.12474,A,0.666
8,08_9,43,3,ボンドロア,5.96,62.29,0.988,,63.0,1.0,0.96143,,1.028,1.0,,1.0,1.0,,1.0,1.0,,1.0,,1.0,,0.988
8,08_9,43,4,ウインデイジー,10.66,111.4,1.061,B,105.0,1.0,1.2086,S,1.028,0.747,E,1.0,1.0,,1.0,1.0,,1.0,,1.14292,A,1.061
8,08_9,43,5,プレイリードリーム,5.33,55.73,0.743,E,75.0,1.0,1.00412,,1.028,0.72,E,1.0,1.0,,1.0,1.0,,1.0,,1.0,,0.743
8,08_9,43,6,キタサンハナビラ,6.6,69.02,0.766,E,90.0,1.0,0.96463,,1.028,0.716,E,1.0,1.0,,1.0,1.0,,1.0,,1.0791,B,0.766
8,08_9,43,7,ライフセービング,8.32,86.93,1.086,B,80.0,1.0,1.10461,A,1.028,0.722,E,1.0,1.0,,1.0,1.0,,1.0,,1.32501,SS,1.086
8,08_9,43,8,キングスコール,9.51,99.36,1.024,,97.0,1.0,0.93395,D,1.028,0.92,D,1.0,1.0,,1.0,1.0,,1.0,,1.15969,A,1.024
8,08_9,43,9,フルレゾン,7.56,79.01,0.975,,81.0,1.0,1.14708,A,1.028,0.761,E,1.0,1.0,,1.0,1.0,,1.0,,1.08677,B,0.975
8,08_9,43,10,アロンディ,6.23,65.08,0.755,E,86.1,1.0,0.85732,E,1.028,0.756,E,1.0,1.0,,1.0,1.0,,1.0,,1.13364,A,0.755
8,08_9,43,11,ショウナンガチ,10.78,112.67,1.186,S,95.0,1.0,1.03828,,1.028,1.0,,1.0,1.0,,1.0,1.0,,1.0,,1.11078,A,1.186
8,08_9,43,12,オルトパラティウム,5.33,55.72,0.785,E,71.0,1.0,0.95935,D,1.028,0.716,E,1.0,1.0,,1.0,1.0,,1.0,,1.11109,A,0.785
8,08_10,67,1,ビップスコーピオン,6.11,61.34,0.731,E,84.0,1.0,0.92656,D,1.035,1.0,,0.942,1.0,D,1.0,0.833,E,1.0,,0.97091,,0.731
8,08_10,67,2,カミノレアル,3.63,36.46,0.376,E,97.0,1.0,0.74403,E,1.035,0.499,E,1.003,1.0,,1.0,1.002,,1.0,,0.97422,,0.376
8,08_10,67,3,ペンナヴェローチェ,15.16,152.19,1.711,SS,89.0,1.0,1.04781,D,1.035,1.0,,1.141,1.0,A,1.0,1.224,S,1.0,,1.12978,A,1.711
8,08_10,67,4,メイショウソウタ,3.67,36.86,0.559,E,66.0,1.0,0.91101,D,1.035,0.651,E,0.96,0.922,D,1.0,0.947,D,1.0,,1.0861,B,0.559
8,08_10,67,5,ゲンパチムサシ,3.86,38.75,0.461,E,84.0,1.0,0.75629,E,1.035,0.681,E,1.0,0.888,D,1.0,0.877,D,1.0,,1.11007,A,0.461
8,08_10,67,6,パカーラン,5.49,55.1,0.697,E,79.0,1.0,0.90194,D,1.035,1.0,,1.0,1.0,,1.0,0.791,E,1.0,,0.94456,D,0.697
8,08_10,67,7,デルアヴァー,11.15,111.88,1.005,,111.3,1.0,1.23155,S,1.035,0.655,E,1.0,1.125,A,1.0,1.238,S,1.0,,0.86432,E,1.005
8,08_10,67,8,パシアンジャン,11.81,118.53,1.142,A,104.0,1.0,0.80231,E,1.035,0.825,E,1.161,1.009,S,1.0,1.113,A,1.0,,1.27843,SS,1.142
8,08_10,67,9,タマモプルメリア,2.82,28.33,0.35,E,81.0,1.0,0.77195,E,1.035,0.681,E,1.0,0.867,E,1.0,0.783,E,1.0,,0.94682,D,0.35
8,08_10,67,10,オンザライン,2.98,29.91,0.388,E,77.0,1.0,0.67336,E,1.035,0.652,E,1.0,1.0,,1.0,0.788,E,1.0,,1.08451,B,0.388
8,08_10,67,11,タガノマカシヤ,9.43,94.66,0.919,D,103.0,1.0,1.02178,,1.035,0.681,E,1.0,0.999,,1.0,1.269,SS,1.0,,1.00612,,0.919
8,08_10,67,12,メイショウシナノ,6.11,61.33,0.667,E,92.0,1.0,0.97534,,1.035,0.681,E,1.0,1.0,,1.0,0.999,,1.0,,0.97097,,0.667
8,08_10,67,13,ロードマゼラン,2.09,20.96,0.317,E,66.0,1.0,0.6201,E,1.035,0.651,E,1.0,0.904,D,1.0,0.749,E,1.0,,1.12176,A,0.317
8,08_10,67,14,ワイドブリザード,4.6,46.13,0.607,E,76.0,1.0,0.8456,E,1.035,0.652,E,1.0,0.98,,1.0,1.022,,1.0,,1.06154,B,0.607
8,08_10,67,15,モックモック,7.93,79.55,0.855,E,93.0,1.0,0.72979,E,1.035,0.799,E,1.0,1.0,,1.0,1.041,D,1.0,,1.36112,SS,0.855
8,08_10,67,16,ダブルジョーク,3.16,31.72,0.459,E,69.0,1.0,0.79234,E,1.035,0.649,E,1.019,0.954,,1.0,0.888,D,1.0,,1.0,,0.459
8,08_11,163,1,アルトラムス,10.67,135.63,1.576,SS,86.0,1.0,1.42198,SS,0.988,0.866,E,1.0,1.0,,1.0,1.0,,1.02313,,1.2663,SS,1.576
8,08_11,163,2,リアライズブラーヴ,3.35,42.55,0.645,E,66.0,1.0,1.09535,B,0.988,0.755,E,1.0,1.0,,1.0,1.0,,0.73,E,1.08119,B,0.645
8,08_11,163,3,サンダーストラック,4.74,60.22,0.708,E,85.0,1.0,1.15738,A,0.988,0.747,E,1.0,1.0,,1.0,1.0,,0.80852,E,1.02505,,0.708
8,08_11,163,4,ディアダイヤモンド,6.26,79.59,0.959,D,83.0,1.0,1.19493,S,0.988,0.837,E,1.0,1.0,,1.0,1.0,,0.97052,,1.0,,0.959
8,08_11,163,5,フレイムスター,4.93,62.68,0.712,E,88.0,1.0,1.33113,SS,0.988,0.735,E,1.0,1.0,,1.0,1.0,,0.76994,E,0.95713,D,0.712
8,08_11,163,6,ルートサーティーン,6.86,87.23,0.98,,89.0,1.0,1.24509,S,0.988,0.783,E,1.0,1.0,,1.0,1.0,,0.76069,E,1.3381,SS,0.98
8,08_11,163,7,カクウチ,7.23,91.93,0.967,,95.0,1.0,0.91376,D,0.988,1.0,,1.0,1.0,,1.0,1.0,,1.07164,B,1.0,,0.967
8,08_11,163,8,トミーバローズ,5.68,72.24,0.926,D,78.0,1.0,1.08166,B,0.988,1.311,SS,1.0,1.0,,1.0,1.0,,0.66064,E,1.0,,0.926
8,08_11,163,9,エイズルブルーム,8.21,104.34,1.391,SS,75.0,1.0,1.1839,S,0.988,1.0,,1.0,1.0,,1.0,1.0,,1.17854,S,1.00897,,1.391
8,08_11,163,10,ファニーバニー,5.56,70.65,0.776,E,91.0,1.0,0.88209,D,0.988,1.147,A,1.0,1.0,,1.0,1.0,,0.77674,E,1.0,,0.776
8,08_11,163,11,バルセシート,3.54,44.96,0.569,E,79.0,1.0,1.16091,S,0.988,0.683,E,1.0,1.0,,1.0,1.0,,0.67721,E,1.07329,B,0.569
8,08_11,163,12,フォルナックス,10.68,135.74,1.597,SS,85.0,1.0,1.52002,SS,0.988,0.739,E,1.0,1.0,,1.0,1.0,,1.38374,SS,1.03963,,1.597
8,08_11,163,13,モノポリオ,4.68,59.49,0.7,E,85.0,1.0,1.19436,S,0.988,0.758,E,1.0,1.0,,1.0,1.0,,0.79199,E,0.98767,,0.7
8,08_11,163,14,プレダトゥール,3.2,40.71,0.626,E,65.0,1.0,1.22096,S,0.988,0.729,E,1.0,1.0,,1.0,1.0,,0.59886,E,1.18883,S,0.626
8,08_11,163,15,クールデイトナ,3.57,45.39,0.639,E,71.0,1.0,1.26795,SS,0.988,0.739,E,1.0,1.0,,1.0,1.0,,0.69035,E,1.0,,0.639
8,08_11,163,16,サウンドムーブ,10.84,137.84,1.498,SS,92.0,1.0,1.34981,SS,0.988,1.564,SS,1.0,1.0,,1.0,1.0,,0.87578,D,0.82025,E,1.498
8,08_12,7,1,ベストバラディア,5.03,63.64,0.936,D,68.0,1.0,1.26724,SS,1.018,0.733,E,1.0,1.0,,1.0,1.0,,1.0,,0.99021,,0.936
8,08_12,7,2,ララディアーブル,10.76,136.25,1.566,SS,87.0,1.0,1.22806,S,1.018,1.0,,1.0,1.0,,1.0,1.0,,1.0,,1.25256,SS,1.566
8,08_12,7,3,ジュエルサンライズ,3.66,46.31,0.842,E,55.0,1.0,1.11444,A,1.018,0.747,E,1.0,1.0,,1.0,1.0,,1.0,,0.99352,,0.842
8,08_12,7,4,ジャスパーメルチェ,6.01,76.16,0.929,D,82.0,1.0,1.22935,S,1.018,0.742,E,1.0,1.0,,1.0,1.0,,1.0,,1.0,,0.929
8,08_12,7,5,マスキュラー,3.2,40.58,0.58,E,70.0,1.0,0.96127,,1.018,0.716,E,1.0,1.0,,1.0,1.0,,1.0,,0.82737,E,0.58
8,08_12,7,6,マイティキングダム,11.82,149.65,1.72,SS,87.0,1.0,1.13374,A,1.018,1.601,SS,1.0,1.0,,1.0,1.0,,1.0,,0.93107,D,1.72
8,08_12,7,7,ムーンリットアイル,3.26,41.29,0.539,E,76.7,1.0,0.9043,D,1.018,0.682,E,1.0,1.0,,1.0,1.0,,1.0,,0.85775,E,0.539
8,08_12,7,8,アクアアイ,5.56,70.35,1.02,,69.0,1.0,1.44859,SS,1.018,0.747,E,1.0,1.0,,1.0,1.0,,1.0,,0.92558,D,1.02
8,08_12,7,9,ケールハイム,4.67,59.07,0.844,E,70.0,1.0,1.02231,,1.018,0.747,E,1.0,1.0,,1.0,1.0,,1.0,,1.08536,B,0.844
8,08_12,7,10,サマーバンク,3.47,43.94,0.619,E,71.0,1.0,0.99963,,1.018,0.608,E,1.0,1.0,,1.0,1.0,,1.0,,1.0,,0.619
8,08_12,7,11,ナムラヒナギク,8.28,104.82,1.248,S,84.0,1.0,1.26492,SS,1.018,1.0,,1.0,1.0,,1.0,1.0,,1.0,,0.96895,,1.248
8,08_12,7,12,メランコリニスタ,7.95,100.72,1.185,S,85.0,1.0,1.31759,SS,1.018,1.0,,1.0,1.0,,1.0,1.0,,1.0,,0.88334,D,1.185
8,08_12,7,13,ナオミニオールイン,2.84,35.95,0.571,E,63.0,1.0,0.94879,D,1.018,0.593,E,1.0,1.0,,1.0,1.0,,1.0,,0.99643,,0.571
8,08_12,7,14,ジューンスマッシュ,4.14,52.38,0.793,E,66.0,1.0,1.06273,B,1.018,0.733,E,1.0,1.0,,1.0,1.0,,1.0,,1.0,,0.793
8,08_12,7,15,ヒューザー,0.02,0.26,0.264,E,1.0,1.0,0.81826,E,1.018,0.391,E,0.804,1.0,E,1.0,1.0,,1.0,,1.00795,,0.264
8,08_12,7,16,サルタラリンダ,9.49,120.11,1.58,SS,76.0,1.0,1.34921,SS,1.018,1.063,B,1.0,1.0,,1.0,1.0,,1.0,,1.08197,B,1.58
8,08_12,7,17,ワトルツリー,3.56,45.03,0.604,E,74.5,1.0,1.20848,S,1.018,0.612,E,1.0,1.0,,1.0,1.0,,1.0,,0.80177,E,0.604
8,08_12,7,18,ルビーエクリプス,6.3,79.72,0.996,,80.0,1.0,1.26742,SS,1.018,0.74,E,1.0,1.0,,1.0,1.0,,1.0,,1.04359,D,0.996
