場所,レース,クラス,馬番,馬名,MSPF_expect,MSPF_expect_value,平均係数,総合判定,基準値,未勝利,コース,コース(判定),O_Month,O_Level,レベル(判定),O_Trouble,O_Bias,不利(複合判定),S_Female,S_Handi,条件(複合判定),重賞,重賞(判定),血統,血統(判定),騎手,騎手(判定),調教師,調教師(判定)
10,10_1,7,1,マシン,84.7,66.7,62.8,E,,,71.35294,E,69.0,4.0,E,,,,,,,,,73.0,E,82.25,,76.9,D
10,10_1,7,2,シンゼンイセ,85.8,68.44,65.3,E,,,85.41176,,69.0,10.25,E,,,,,,,,,76.0,D,84.66667,,66.3,E
10,10_1,7,3,ホワイトラバーズ,85.1,67.31,62.5,E,,,72.23529,E,69.0,8.5,E,,,,,,,,,83.22222,,56.66667,E,85.66667,
10,10_1,7,4,オトコノロマン,92.8,80.36,77.1,D,,,88.125,,69.0,66.5,E,92.333,60.05,D,,,,,,73.44444,E,93.2,,74.2,E
10,10_1,7,5,アンコールアゲイン,89.8,75.04,66.9,E,,,77.29412,D,69.0,5.0,E,,,,,,,,,73.0,E,88.22222,,89.0,
10,10_1,7,6,ゴールデンドラゴン,92.7,80.2,78.8,D,,,85.94118,,69.0,77.5,D,,,,,,,,,76.0,D,82.0,,82.4,
10,10_1,7,7,アーサーバローズ,90.5,76.31,70.5,E,,,85.05882,,69.0,91.0,,51.333,37.55,E,,,,,,74.0,E,80.125,,75.88889,D
10,10_1,7,8,マカラス,91.9,78.69,79.8,D,,,63.11111,E,69.0,,,,101.25,A,,,,,,99.22222,B,68.88889,E,77.11111,D
10,10_1,7,9,ワルトシュタイン,86.1,68.85,68.7,E,,,68.625,E,69.0,69.75,E,,67.0,E,,,,,,78.11111,D,71.875,E,56.5,E
10,10_1,7,10,セルシャーム,89.4,74.35,68.6,E,,,75.52632,D,69.0,25.0,E,,,,,,,,,65.125,E,88.77778,,88.0,
10,10_2,7,1,ムーンリットビーチ,91.8,78.65,77.6,D,,,98.58824,B,69.0,79.5,D,,,,,,,,,74.33333,E,88.22222,,56.11111,E
10,10_2,7,2,ポッドリプル,91.3,77.73,71.9,E,,,95.23529,D,69.0,30.0,E,,,,,,,,,76.0,D,65.625,E,95.77778,D
10,10_2,7,3,ラップトップ,91.7,78.45,74.3,E,,,89.66667,,69.0,30.0,E,,,,,,,,,74.0,E,89.25,,93.75,
10,10_2,7,4,アルヴァンドルード,97.7,89.92,89.0,,,,92.86667,,69.0,116.0,S,,,,,,,,,79.0,D,87.5,,89.9,
10,10_2,7,5,ヒメヒオウギ,84.5,66.4,63.7,E,,,90.0,,69.0,31.5,E,,,,,,,,,76.0,D,31.125,E,84.6,
10,10_2,7,6,サトノアグード,91.1,77.28,71.6,E,,,83.26667,,69.0,30.0,E,,,,,,,,,72.44444,E,81.0,,93.66667,
10,10_2,7,7,カシノスパーク,91.7,78.3,73.6,E,,,87.0,,69.0,31.5,E,,,,,,,,,62.25,E,143.42857,S,48.55556,E
10,10_2,7,8,フレアオブセンス,93.9,82.4,81.3,,,,85.29412,,69.0,88.75,,,,,,,,,,70.0,E,74.33333,E,100.22222,A
10,10_2,7,9,セイウンヤオヨロズ,84.8,66.94,64.8,E,,,87.76471,,69.0,31.667,E,,,,,,,,,64.0,E,72.0,E,64.33333,E
10,10_2,7,10,ロングホリデー,88.8,73.36,73.4,E,,,99.05882,B,69.0,82.75,,,,,,,,,,77.77778,D,68.3,E,43.5,E
10,10_2,7,11,ミツカネマルテ,83.2,64.48,65.6,E,,,75.64706,D,69.0,76.5,D,,,,,,,,,68.22222,E,73.75,E,30.77778,E
10,10_2,7,12,クータモ,83.9,65.56,62.9,E,,,99.4,B,69.0,10.25,E,,,,,,,,,78.44444,D,66.5,E,53.625,E
10,10_2,7,13,ブリックアブラック,94.7,83.96,81.3,,,,97.6875,B,69.0,66.0,E,,,,,,,,,112.0,A,79.25,D,63.875,E
10,10_2,7,14,ベンティガオルサ,91.0,77.08,75.3,D,,,86.52941,,69.0,61.25,E,,,,,,,,,75.44444,D,92.5,,67.11111,E
10,10_2,7,15,ヤクジョ,92.4,79.59,77.7,D,,,84.23529,,69.0,66.0,E,,,,,,,,,89.44444,,75.625,D,81.66667,
10,10_2,7,16,アイムスティルミー,101.5,98.28,90.9,,,,106.3125,A,69.0,31.667,E,,,,,,,,,82.8,,141.9,S,113.8,A
10,10_3,7,1,アルサック,87.4,70.92,73.4,E,,,75.16667,D,69.0,82.75,,,86.8,,,,,,,46.88889,E,82.75,,70.375,E
10,10_3,7,2,カッタッパ,95.5,85.58,84.6,,,,79.35294,D,69.0,100.75,A,,,,,,,,,79.0,D,84.0,,95.36364,D
10,10_3,7,3,ミスヘンリー,92.8,80.41,81.6,,,,81.72222,,69.0,124.75,S,,,,,,,,,78.22222,D,67.625,E,68.3,E
10,10_3,7,4,ドナソレイ,90.1,75.49,72.8,E,,,74.83333,E,69.0,74.0,E,,63.1,E,,,,,,79.0,D,,,77.11111,D
10,10_3,7,5,カッサンドラ,89.8,75.04,70.9,E,,,110.11765,A,69.0,31.5,E,,,,,,,,,77.0,D,61.57143,E,76.25,D
10,10_3,7,6,アッチョンブリケ,86.6,69.71,75.6,D,,,75.64706,D,69.0,76.25,D,,115.5,S,,,,,,79.0,D,60.125,E,54.0,E
10,10_3,7,7,エコロレバン,89.0,73.61,75.9,D,,,75.82353,D,69.0,69.75,E,,98.2,B,,,,,,79.0,D,70.5,E,69.125,E
10,10_3,7,8,アンセートゥモダン,86.0,68.72,68.2,E,,,89.61111,,69.0,65.25,E,66.0,,E,,,,,,73.0,E,68.0,E,46.66667,E
10,10_3,7,9,アクアマイスター,83.1,64.35,59.9,E,,,73.11765,E,69.0,25.0,E,,59.1,E,,,,,,79.0,D,67.4,E,46.71429,E
10,10_3,7,10,ミルトハッピー,88.5,72.8,74.1,E,,,87.64706,,69.0,66.25,E,96.333,,B,,,,,,79.0,D,75.11111,D,45.33333,E
10,10_3,7,11,スマートイデアル,93.6,81.89,82.6,,,,83.875,,69.0,119.75,S,,,,,,,,,72.22222,E,63.42857,E,87.11111,
10,10_3,7,12,サウンドジュテ,88.0,72.0,68.1,E,,,72.23529,E,69.0,25.0,E,,84.7,,,,,,,73.88889,E,77.44444,D,74.5,E
10,10_3,7,13,クインズボタン,92.4,79.73,77.7,D,,,81.11765,,69.0,64.5,E,,,,,,,,,73.0,E,60.66667,E,117.85714,S
10,10_3,7,14,コウユーネロガ,90.4,76.04,73.6,E,,,85.61111,,69.0,66.25,E,,67.0,E,,,,,,80.0,,79.55556,D,67.88889,E
10,10_6,15,1,ゴールデンボブ,90.0,75.43,76.1,D,71.6,71.6,91.0,,59.0,,,,,,,,,,,76.5,D,73.25,E,85.0,
10,10_6,15,2,ダディーズソード,85.4,67.8,67.2,E,71.6,80.8,77.16667,D,59.0,,,,,,,,,,,76.0,D,79.42857,D,30.57143,E
10,10_6,15,3,リアル,88.9,73.49,73.8,E,71.6,79.2,76.83333,D,59.0,,,,,,,,,,,97.25,B,51.0,E,79.5,D
10,10_6,15,4,ウィスピア,94.1,82.93,84.8,,71.6,84.8,109.5,A,59.0,,,,,,,,,,,91.875,,90.0,,73.71429,E
10,10_6,15,5,キヨタリート,87.3,70.75,70.6,E,71.6,74.2,71.66667,E,59.0,,,,,,,,,,,84.0,,84.7,,50.0,E
10,10_6,15,6,ニホンピロロジャー,86.5,69.52,69.2,E,71.6,71.4,74.83333,E,59.0,,,,,,,,,,,61.66667,E,82.125,,66.0,E
10,10_6,15,7,トゥルージョワ,86.7,69.78,69.5,E,71.6,63.0,72.33333,E,59.0,,,,,,,,,,,67.375,E,70.25,E,84.85714,
10,10_6,15,8,ルージュアイラ,86.6,69.67,69.3,E,71.6,66.6,88.5,,59.0,,,,,,,,,,,68.25,E,,,64.0,E
10,10_6,15,9,トゥルパーニ,90.3,75.82,76.5,D,71.6,83.0,107.83333,A,59.0,,,,,,,,,,,79.25,D,61.9,E,68.11111,E
10,10_6,15,10,ヴィスメンティス,89.7,74.78,75.3,D,71.6,75.2,103.5,A,59.0,,,,,,,,,,,77.625,D,66.5,E,70.0,E
10,10_6,15,11,ブルーアンビエンス,90.3,75.9,76.6,D,71.6,65.0,75.0,D,59.0,,,,,,,,,,,67.125,E,82.55556,,111.0,A
10,10_6,15,12,スクランプシャス,86.9,70.18,69.9,E,71.6,74.8,74.0,E,59.0,,,,,,,,,,,71.5,E,73.9,E,66.44444,E
10,10_6,15,13,チェナ,89.0,73.58,73.9,E,71.6,71.8,85.83333,,59.0,,,,,,,,,,,90.75,,81.33333,,54.71429,E
10,10_6,15,14,グリミスティ,85.4,67.86,67.2,E,71.6,70.8,91.83333,,59.0,,,,,,,,,,,61.125,E,64.75,E,55.85714,E
10,10_6,15,15,ウォータールスール,86.1,68.83,68.4,E,71.6,76.25,83.5,,59.0,,,,,,,,,,,76.0,D,54.125,E,61.28571,E
10,10_6,15,17,ロージーキャンドル,88.8,73.35,73.6,E,71.6,73.4,86.6,,59.0,,,,,,,,,,,73.375,E,77.25,D,72.14286,E
10,10_6,15,18,ボンドマティーニ,88.6,72.94,73.2,E,71.6,64.5,86.42857,,59.0,,,,,,,,,,,62.11111,E,86.55556,,80.33333,
10,10_7,23,1,ディスパラール,91.2,77.48,73.2,E,,,107.17647,A,75.0,29.0,E,,,,,,,,,77.22222,D,79.5,D,71.5,E
10,10_7,23,2,マイネルボス,88.1,72.2,72.1,E,,,96.33333,B,75.0,64.0,E,,,,,,,,,63.625,E,80.16667,,53.22222,E
10,10_7,23,3,ニホンピロゴルディ,92.2,79.21,78.6,D,,,109.76471,A,75.0,77.5,D,,,,,,,,,77.55556,D,67.66667,E,64.375,E
10,10_7,23,4,シマサンブラック,92.0,78.91,76.3,D,,,94.0,,75.0,66.25,E,,67.0,E,,,,,,70.55556,E,81.0,,80.14286,
10,10_7,23,5,ウインリュクス,89.3,74.12,74.6,E,,,97.23529,B,75.0,81.0,,,,,,,,,,69.88889,E,64.5,E,60.0,E
10,10_7,23,6,サラコスティ,96.3,87.15,87.9,,,,79.52941,D,75.0,124.25,S,,,,,,,,,74.77778,E,82.22222,,91.4,
10,10_7,23,7,アスクデッドヒート,85.0,67.18,64.8,E,,,87.47059,,75.0,31.0,E,,,,,,,,,77.11111,D,55.57143,E,62.72727,E
10,10_7,23,8,オーサムユニバンス,90.1,75.58,74.8,E,,,104.35294,A,75.0,62.5,E,,,,,,,,,60.0,E,74.0,E,72.9,E
10,10_7,23,9,ゲンジ,88.4,72.66,69.5,E,,,93.94118,,75.0,30.0,E,,,,,,,,,87.33333,,,,61.375,E
10,10_7,23,10,ポテチ,86.6,69.77,73.1,E,43.0,,96.8125,B,75.0,78.25,D,54.0,,E,,,,,,85.88889,,72.33333,E,49.22222,E
10,10_7,23,11,ゴールドジェスター,86.2,69.04,70.0,E,,,86.875,,75.0,74.5,E,,,,,,,,,69.55556,E,55.28571,E,58.83333,E
10,10_7,23,12,ローレルオーブ,94.4,83.42,84.3,,,,81.375,,75.0,116.25,S,,,,,,,,,66.0,E,92.125,,75.11111,D
10,10_7,23,13,ペリプルス,96.3,87.12,88.0,,,,83.1875,,75.0,127.75,S,,,,,,,,,75.44444,D,76.5,D,90.3,
10,10_7,23,14,ヘルツアス,85.3,67.69,65.3,E,,,93.33333,,75.0,31.5,E,,,,,,,,,55.66667,E,82.22222,,54.0,E
10,10_7,23,15,スズカミエール,94.8,84.16,81.9,,,,123.66667,S,75.0,62.0,E,,,,,,,,,71.4,E,85.66667,,73.72727,E
10,10_8,23,1,ベイラム,95.5,85.51,86.5,,,,83.82353,,75.0,124.75,S,,,,,,,,,74.0,E,76.16667,D,85.375,
10,10_8,23,2,イエローブリック,87.7,71.49,72.2,E,,,85.28571,,75.0,77.75,D,,,,,,,,,51.85714,E,67.85714,E,75.625,D
10,10_8,23,3,モヴレクス,87.9,71.79,71.8,E,,,84.5625,,75.0,,,,,,,,,,,51.5,E,82.125,,65.75,E
10,10_8,23,4,シドニーホバート,89.3,74.1,74.4,E,,,92.8125,,75.0,77.75,D,,,,,,,,,65.44444,E,54.28571,E,81.125,
10,10_8,23,5,ニヒトツーゼーア,88.8,73.39,73.8,E,,,84.82353,,75.0,66.25,E,81.333,,,,,,,,67.11111,E,67.25,E,74.55556,E
10,10_8,23,6,ブルーストレイル,84.5,66.42,67.0,E,,,66.70588,E,75.0,9.5,E,,92.4,,,,,,,78.375,D,82.75,,64.22222,E
10,10_8,23,7,プルーヴンウィナー,91.8,78.58,78.3,D,,,86.41176,,75.0,80.0,,,,,,,,,,78.3,D,72.5,E,77.36364,D
10,10_9,23,1,ジュジュドール,80.6,60.75,59.5,E,,,84.875,,75.0,31.5,E,,,,,,,,,51.33333,E,56.71429,E,57.6,E
10,10_9,23,2,オンザマーチ,89.2,74.02,75.3,D,,,69.75,E,75.0,95.0,,,,,,,,,,65.0,E,77.0,D,70.0,E
10,10_9,23,3,アングレ,76.6,55.3,59.4,E,43.0,,73.21429,E,75.0,,,,,,,,,,,30.0,E,,,,
10,10_9,23,4,フェブリノ,96.5,87.53,82.5,,,,77.70588,D,75.0,30.333,E,,,,,,,,,80.11111,,85.625,,146.0,S
10,10_9,23,5,カイショー,86.5,69.47,66.9,E,,,74.0625,E,75.0,11.75,E,,,,,,,,,79.55556,D,79.125,D,81.77778,
10,10_9,23,6,ドルチェミスト,93.0,80.77,80.3,,,,104.58824,A,75.0,83.5,,,,,,,,,,65.25,E,77.0,D,76.33333,D
10,10_9,23,7,ワイドシュテルケ,87.6,71.34,71.6,E,,,68.6875,E,75.0,69.5,E,,,,,,,,,65.0,E,82.25,,69.44444,E
10,10_9,23,8,アンジュプロミス,88.1,72.21,73.4,E,,,83.125,,75.0,88.75,,,,,,,,,,76.33333,D,49.125,E,68.3,E
10,10_9,23,9,トップアタック,78.4,57.69,55.3,E,,,64.625,E,75.0,11.5,E,,,,,,,,,71.44444,E,58.125,E,51.0,E
10,10_9,23,10,ヘイルメリーラン,91.5,77.99,85.0,,43.0,,84.84615,,75.0,,,,,,,,,,,82.0,,91.75,,91.33333,
10,10_9,23,11,クリエープキー,85.1,67.35,65.6,E,,,78.6875,D,75.0,30.0,E,,,,,,,,,81.55556,,62.625,E,65.85714,E
10,10_9,23,12,ルージュサウダージ,84.5,66.48,64.2,E,,,78.76471,D,75.0,9.0,E,,,,,,,,,65.0,E,89.22222,,68.4,E
10,10_10,43,1,パープルクラウド,88.8,73.34,69.9,E,,,91.4375,,66.5,31.667,E,,,,,,,,,79.77778,D,70.66667,E,79.22222,D
10,10_10,43,2,カエルム,86.7,69.85,66.9,E,,,83.375,,66.5,30.0,E,,,,,,,,,62.44444,E,85.71429,,73.11111,E
10,10_10,43,3,ウインマイルート,90.4,76.15,77.1,D,,,75.05882,D,66.5,111.75,A,,,,,,,,,75.0,D,85.33333,,48.71429,E
10,10_10,43,4,キングスコール,88.6,72.97,73.0,E,,,89.125,,66.5,,,,,,,,,,,78.55556,D,68.55556,E,62.09091,E
10,10_10,43,5,バーケンヘッド,89.7,74.87,76.4,D,,,81.47059,,66.5,119.75,S,,,,,,,,,69.0,E,57.0,E,64.875,E
10,10_10,43,6,サラトガチップス,84.5,66.36,63.3,E,,,80.875,,66.5,29.0,E,,,,,,,,,62.33333,E,69.33333,E,71.5,E
10,10_10,43,7,ヴァイザーバルコ,94.8,84.17,84.2,,,,86.11765,,66.5,120.0,S,,,,,,,,,74.44444,E,89.125,,69.0,E
10,10_10,43,8,ブリヤディアマンテ,88.5,72.78,68.8,E,,,81.375,,66.5,31.0,E,,,,,,,,,63.88889,E,70.375,E,99.5,B
10,10_10,43,9,ショウナンガチ,90.3,75.98,76.0,D,,,85.23529,,66.5,,,,,,,,,,,81.1,,79.77778,D,67.3,E
10,10_11,163,1,テレサ,200.9,968.14,76.0,D,,,96.25,B,70.5,75.5,D,,,,69.75,77.714,E,,,69.0,E,66.09091,E,83.08333,
10,10_11,163,2,ブラウンラチェット,193.2,810.56,69.7,E,,,90.5625,,70.5,67.0,E,,,,57.0,79.143,E,,,83.33333,,35.8,E,74.33333,E
10,10_11,163,3,フレミングフープ,198.8,923.67,68.7,E,,,100.375,A,70.5,11.0,E,,,,68.25,75.857,E,,,72.0,E,74.3,E,77.33333,D
10,10_11,163,4,クリノメイ,204.8,1059.35,69.4,E,,,98.4375,B,70.5,7.25,E,,,,73.75,81.429,D,,,85.33333,,61.91667,E,76.69231,D
10,10_11,163,5,アレナリア,195.2,850.11,62.7,E,,,75.6875,D,70.5,30.0,E,,,,65.75,72.714,E,,,54.33333,E,64.125,E,68.55556,E
10,10_11,163,6,フィールシンパシー,194.5,835.25,79.1,D,,,78.58824,D,70.5,111.75,A,,,,62.75,73.286,E,,,72.33333,E,73.33333,E,90.53846,
10,10_11,163,7,インヴォーグ,203.3,1023.08,71.4,E,,,101.625,A,70.5,9.667,E,,,,76.0,75.857,D,,,71.22222,E,81.8,,84.7,
10,10_11,163,8,ココナッツブラウン,198.6,917.92,74.2,E,,,100.5625,A,70.5,30.0,E,,,,70.0,72.857,E,,,76.22222,D,90.63636,,83.07692,
10,10_11,163,9,パレハ,201.3,977.81,68.3,E,,,95.06667,D,70.5,10.5,E,,,,69.25,79.714,E,,,71.75,E,76.27273,D,73.07692,E
10,10_11,163,10,タクシンイメル,193.8,823.26,70.7,E,,,74.35294,E,70.5,,,68.667,,E,62.25,73.571,E,,,58.25,E,64.3,E,93.41667,
10,10_11,163,11,エリカヴィータ,192.6,800.97,74.3,E,,,96.5,B,70.5,81.25,,,,,61.25,72.143,E,,,78.22222,D,64.5,E,70.16667,E
10,10_11,163,12,アンリーロード,198.9,924.39,70.5,E,,,102.6875,A,70.5,10.25,E,,,,70.5,73.429,E,,,105.22222,A,55.3,E,76.09091,D
10,10_11,163,13,ウインエーデル,201.5,983.19,71.4,E,,,95.75,D,70.5,62.25,E,,,,74.5,74.429,E,,,70.55556,E,62.625,E,60.3,E
10,10_11,163,14,クリスマスパレード,199.2,930.96,74.1,E,,,105.6875,A,70.5,9.75,E,,,,67.75,76.571,E,,,71.55556,E,76.77778,D,114.0,A
10,10_11,163,15,レディーヴァリュー,200.7,963.9,72.0,E,,,85.25,,70.5,30.0,E,,,,70.5,76.571,E,,,77.66667,D,85.9,,79.27273,D
10,10_11,163,16,ボンドガール,200.8,967.38,85.8,,,,90.52941,,70.5,122.25,S,,,,69.25,77.286,E,,,72.44444,E,82.90909,,101.33333,A
10,10_11,163,17,ジョスラン,200.1,951.9,78.5,D,,,112.0625,A,70.5,80.25,,,,,69.25,76.571,E,,,73.11111,E,80.18182,,66.46154,E
10,10_11,163,18,パルクリチュード,201.1,973.24,77.1,D,,,83.22222,,70.5,25.0,E,,82.6,,72.25,74.857,E,,,65.0,E,140.0,S,80.63636,
10,10_12,23,1,ウィズマスタング,89.4,74.33,70.8,E,,,101.29412,A,75.0,31.5,E,,,,,,,,,55.25,E,73.77778,E,88.1,
10,10_12,23,2,タイキジパング,92.0,78.87,83.2,,57.0,,84.09091,,75.0,,,,,,,,,,,57.55556,E,84.875,,114.7,A
10,10_12,23,3,ミッションルース,90.2,75.67,79.7,D,,,71.17647,E,75.0,125.5,S,77.333,,D,,,,,,79.88889,D,58.375,E,70.66667,E
10,10_12,23,4,スマイルディシー,83.5,64.89,63.2,E,,,78.22222,D,75.0,3.667,E,,79.3,D,,,,,,67.88889,E,61.42857,E,76.875,D
10,10_12,23,5,グレイスフルマーチ,89.4,74.4,69.1,E,,,78.5,D,75.0,25.0,E,,86.2,,,,,,,78.22222,D,,,71.4,E
10,10_12,23,6,ホウオウバローロ,94.2,83.01,84.2,,,,68.4375,E,75.0,116.75,S,,82.6,,,,,,,73.66667,E,97.0,B,76.0,D
10,10_12,23,7,アイファーファイト,78.9,58.34,61.1,E,,,81.05882,,75.0,66.25,E,,,,,,,,,62.0,E,,,21.125,E
10,10_12,23,8,ラマンシュ,79.6,59.29,56.4,E,,,80.76471,,75.0,25.0,E,,,,,,,,,24.125,E,55.0,E,78.22222,D
10,10_12,23,9,ロードヴォイジャー,89.9,75.28,76.5,D,,,68.3125,E,75.0,98.5,B,,,,,,,,,70.77778,E,87.125,,59.5,E
10,10_12,23,10,ユイノコキュウ,82.9,63.95,58.0,E,,,79.53333,D,75.0,25.0,E,,35.65,E,,,,,,83.22222,,47.0,E,60.75,E
10,10_12,23,11,ブレイジングスター,90.1,75.53,75.6,D,,,78.8,D,75.0,77.667,D,,,,,,,,,82.875,,69.5,E,69.88889,E
10,10_12,23,12,オレノアイバ,93.2,81.21,82.4,,,,86.33333,,75.0,114.5,A,,,,,,,,,75.88889,D,58.6,E,83.9,
10,10_12,23,13,ゴッドヴァレー,84.7,66.69,64.4,E,,,79.05882,D,75.0,31.5,E,,,,,,,,,48.75,E,76.375,D,76.0,D
10,10_12,23,14,ウォーターパラディ,91.3,77.67,77.0,D,,,67.72222,E,75.0,71.75,E,,,,,,,,,76.0,D,94.11111,,77.7,D
10,10_12,23,15,ジーティーアメリカ,91.8,78.52,81.4,,,,78.94118,D,75.0,124.25,S,71.5,,E,,,,,,74.0,E,75.0,D,71.36364,E
6,06_1,7,1,シセイヒナタ,80.2,60.17,61.3,E,52.0,27.57143,86.2,,69.0,,,,,,68.667,,E,,,58.625,E,61.3,E,58.0,E
6,06_1,7,2,アドミ,85.7,68.27,64.2,E,,,69.88235,E,69.0,25.0,E,,,,69.5,,E,,,77.0,D,78.1,D,60.81818,E
6,06_1,7,3,ビアーレ,86.5,69.55,66.6,E,,,120.64706,S,69.0,9.75,E,,,,66.25,,E,,,80.0,,61.55556,E,59.33333,E
6,06_1,7,4,ジョイアミーア,85.7,68.26,68.6,E,,,81.47059,,69.0,80.25,,61.667,,E,71.75,,E,,,54.0,E,73.3,E,57.45455,E
6,06_1,7,5,スカット,82.0,62.69,59.6,E,,,65.23529,E,69.0,5.667,E,,66.85,E,71.0,,E,,,73.0,E,72.33333,E,53.33333,E
6,06_1,7,6,アイアンブランド,83.2,64.47,65.5,E,,,79.6875,D,69.0,77.0,D,,,,64.0,,E,,,45.0,E,78.1,D,45.72727,E
6,06_1,7,7,イヌボウノキラメキ,87.5,71.13,71.3,E,,,78.35294,D,69.0,74.75,E,72.333,,E,64.0,,E,,,79.22222,D,74.33333,E,58.22222,E
6,06_1,7,8,ワンダーバリエンス,90.5,76.23,75.8,D,,,99.77778,B,69.0,81.0,,,,,57.25,,E,,,79.0,D,59.7,E,84.63636,
6,06_1,7,9,ローズオブジャパン,92.9,80.62,79.6,D,,,87.66667,,69.0,82.0,,,,,70.75,,E,,,72.44444,E,81.1,,94.1,
6,06_1,7,10,オニノウタゲ,89.1,73.89,69.5,E,,,131.76471,S,69.0,30.0,E,,,,66.25,,E,,,74.0,E,49.0,E,66.3,E
6,06_1,7,11,トコシエノヒトミ,87.7,71.55,66.9,E,,,66.70588,E,69.0,25.0,E,77.667,,D,71.0,,E,,,73.0,E,81.22222,,71.4,E
6,06_1,7,12,ジュニアスウィート,89.3,74.19,69.6,E,,,75.0,D,69.0,25.0,E,,78.1,D,71.75,,E,,,81.44444,,78.4,D,78.27273,D
6,06_1,7,13,マジョリカ,91.2,77.45,71.4,E,,,94.77778,,69.0,25.0,E,,71.5,E,58.75,,E,,,79.33333,D,102.66667,A,70.55556,E
6,06_1,7,14,タヤスロレンヌ,87.1,70.44,70.7,E,,,76.88235,D,69.0,79.5,D,,,,71.75,,E,,,79.0,D,56.5,E,62.5,E
6,06_1,7,15,マイニオサラスタス,86.8,69.98,68.1,E,,,85.1875,,69.0,,,,45.05,E,66.5,,E,,,72.11111,E,24.375,E,114.66667,A
6,06_1,7,16,ムーンブランシュ,89.9,75.16,74.4,E,,,82.27778,,69.0,,,71.5,,E,71.0,,E,,,75.6,D,79.66667,D,71.76923,E
6,06_2,7,1,ビップマリク,82.0,62.73,59.8,E,,,82.0625,,69.0,10.0,E,,,,,,,,,77.0,D,60.625,E,60.375,E
6,06_2,7,2,シデンイッセン,91.1,77.26,77.3,D,,,94.05882,,69.0,,,,,,,,,,,63.77778,E,80.66667,,78.77778,D
6,06_2,7,3,アイデアユー,91.5,77.95,78.0,D,,,87.6,,69.0,,,,82.6,,,,,,,95.22222,D,73.625,E,59.75,E
6,06_2,7,4,スノースコール,90.4,76.1,76.0,D,,,88.4375,,69.0,69.5,E,,84.7,,,,,,,73.0,E,72.85714,E,74.66667,E
6,06_2,7,5,クラージュスター,93.5,81.66,82.2,,,,119.70588,S,69.0,116.25,S,,,,,,,,,63.0,E,81.0,,44.1,E
6,06_2,7,6,ハルノアメ,83.9,65.49,62.7,E,,,89.41176,,69.0,8.5,E,,,,,,,,,68.88889,E,64.375,E,76.11111,D
6,06_2,7,7,クアッドフォルツァ,84.6,66.61,70.3,E,,,80.0625,,69.0,72.75,E,,91.3,,,,,,,73.0,E,43.0,E,62.66667,E
6,06_2,7,8,コンヴァーンクル,95.5,85.59,85.6,,,,90.5,,69.0,,,,,,,,,,,91.33333,,86.55556,,90.55556,
6,06_2,7,9,ハロングロットル,75.3,53.73,53.7,E,,,90.47059,,69.0,,,,,,,,,,,70.0,E,21.85714,E,17.3,E
6,06_2,7,10,ハイランダー,93.8,82.19,82.9,,,,92.8,,69.0,120.75,S,,,,,,,,,48.375,E,79.125,D,87.125,
6,06_2,7,11,クリュメノス,85.7,68.3,63.0,E,,,83.66667,,69.0,3.5,E,,,,,,,,,81.0,,69.25,E,71.33333,E
6,06_2,7,12,ニシノモリミチ,89.5,74.52,71.5,E,,,92.9375,,69.0,7.0,E,,94.4,,,,,,,76.0,D,79.33333,D,82.11111,
6,06_2,7,13,イントゥゴールデン,86.1,68.95,68.7,E,,,84.8125,,69.0,63.5,E,,,,,,,,,80.0,,58.11111,E,56.5,E
6,06_2,7,14,コパノエイダン,92.9,80.6,80.6,,,,89.1875,,69.0,,,,,,,,,,,67.22222,E,87.875,,89.72727,
6,06_2,7,15,ハリウッドグラム,88.7,73.2,72.3,E,,,99.76471,B,69.0,66.25,E,,,,,,,,,80.33333,,63.22222,E,55.5,E
6,06_2,7,16,ビックリパラダイス,86.0,68.82,68.6,E,,,79.84211,D,69.0,,,64.5,,E,,,,,,68.1,E,54.44444,E,75.7,D
6,06_3,15,1,ハクサンマンゲツ,87.2,70.64,69.2,E,79.2,68.0,80.33333,,59.0,,,,,,,,,,,86.5,,24.5,E,96.875,B
6,06_3,15,2,トウカイレオ,89.7,74.79,74.0,E,79.2,93.2,87.33333,,59.0,,,,,,,,,,,54.0,E,79.22222,D,71.5,E
6,06_3,15,3,ショービット,90.5,76.32,75.8,D,79.2,73.75,77.83333,D,59.0,,,,,,,,,,,79.0,D,67.125,E,98.25,B
6,06_3,15,4,ミヤザキムスメ,88.4,72.62,71.5,E,79.2,72.5,84.0,,59.0,,,,,,,,,,,80.0,,60.0,E,73.625,E
6,06_3,15,5,ピグマリオン,88.6,72.92,71.9,E,79.2,77.0,73.5,E,59.0,,,,,,,,,,,70.25,E,73.22222,E,78.25,D
6,06_3,15,6,ターフクリスタル,90.1,75.54,74.9,E,79.2,82.25,74.6,E,59.0,,,,,,,,,,,88.0,,79.33333,D,66.375,E
6,06_3,15,7,ペルシアーノ,88.6,72.97,71.9,E,79.2,72.0,76.33333,D,59.0,,,,,,,,,,,76.0,D,79.11111,D,69.125,E
6,06_3,15,8,コリアンダーアイ,78.1,57.34,53.7,E,79.2,58.6,83.66667,,59.0,,,,,,,,,,,44.125,E,21.5,E,55.25,E
6,06_3,15,9,ベラケンタウロス,86.7,69.87,68.3,E,79.2,76.0,62.0,E,59.0,,,,,,,,,,,73.0,E,80.25,,59.57143,E
6,06_3,15,10,デルマアソ,87.0,70.33,68.8,E,79.2,59.0,88.83333,,59.0,,,,,,,,,,,57.125,E,70.33333,E,78.75,D
6,06_3,15,11,マサノピンクレディ,91.8,78.52,78.4,D,79.2,91.6,78.6,D,59.0,,,,,,,,,,,100.375,A,59.375,E,81.42857,
6,06_3,15,12,サマーゲール,91.3,77.59,77.3,D,79.2,75.2,86.33333,,59.0,,,,,,,,,,,76.5,D,73.83333,E,93.0,
6,06_3,15,13,シーシェル,86.7,69.89,68.3,E,79.2,74.0,78.0,D,59.0,,,,,,,,,,,77.0,D,56.25,E,65.71429,E
6,06_3,15,14,リトルコリンズ,88.8,73.3,72.3,E,79.2,73.0,88.66667,,59.0,,,,,,,,,,,74.0,E,76.33333,D,62.875,E
6,06_3,15,15,エビスディアーナ,89.9,75.21,74.5,E,79.2,80.4,86.8,,59.0,,,,,,,,,,,77.125,D,70.875,E,73.0,E
6,06_3,15,16,ミクロスギガース,86.9,70.13,68.6,E,79.2,80.33333,86.57143,,59.0,,,,,,,,,,,59.77778,E,62.0,E,64.0,E
6,06_4,7,1,クリムゾンリーフ,93.4,81.46,79.0,D,,,86.4375,,69.0,70.0,E,,77.2,D,,,,,,73.0,E,88.33333,,88.77778,
6,06_4,7,2,サンタピア,85.3,67.68,67.2,E,,,91.375,,69.0,67.25,E,,63.1,E,,,,,,73.0,E,55.375,E,51.5,E
6,06_4,7,3,テイクオンミー,92.6,80.03,79.8,D,,,82.5,,69.0,82.0,,,86.2,,,,,,,57.22222,E,93.44444,,88.11111,
6,06_4,7,4,ジオストラテジー,89.5,74.57,74.3,E,,,84.3125,,69.0,79.25,D,,74.4,E,,,,,,62.77778,E,70.25,E,79.88889,D
6,06_4,7,5,キョウエイアート,93.2,81.21,75.3,D,,,85.06667,,69.0,,,58.667,53.7,E,,,,,,72.88889,E,102.33333,A,85.55556,
6,06_4,7,6,イベリスアマラ,89.8,75.0,74.0,E,,,100.83333,A,69.0,87.25,,61.667,,E,,,,,,65.22222,E,69.88889,E,64.4,E
6,06_4,7,7,レディトゥランブル,88.6,72.93,68.3,E,,,87.6875,,69.0,10.0,E,,,,,,,,,76.0,D,82.25,,85.125,
6,06_4,7,8,カシマライフウ,87.4,70.95,70.7,E,,,89.4375,,69.0,69.5,E,,,,,,,,,84.55556,,86.33333,,25.11111,E
6,06_4,7,9,モウレツ,80.8,61.03,57.7,E,,,77.8,D,69.0,,,,27.1,E,,,,,,61.22222,E,54.88889,E,56.22222,E
6,06_4,7,10,ウインビギニング,93.4,81.47,80.5,,,,94.1875,,69.0,83.75,,,82.6,,,,,,,82.55556,,81.375,,69.875,E
6,06_4,7,11,ファイアリービート,93.8,82.31,79.3,D,,,97.11765,B,69.0,80.5,,68.0,,E,,,,,,72.0,E,57.75,E,110.9,A
6,06_4,7,12,サクセスゴールド,90.8,76.69,76.8,D,,,93.3125,,69.0,,,94.333,71.6,,,,,,,73.0,E,72.77778,E,63.77778,E
6,06_4,7,13,コウソクルリアン,90.0,75.36,79.8,D,,,86.6875,,69.0,78.0,D,,115.5,S,,,,,,69.55556,E,77.75,D,62.0,E
6,06_4,7,14,エマープ,86.1,68.97,68.8,E,,,90.3125,,69.0,66.25,E,,,,,,,,,68.11111,E,64.75,E,54.5,E
6,06_4,7,15,コイオステソーロ,92.3,79.4,77.5,D,,,97.0625,B,69.0,65.75,E,,,,,,,,,73.0,E,82.4,,77.7,D
6,06_5,7,1,ベストブラザーズ,92.0,78.9,78.1,D,,,86.35294,,69.0,83.5,,,,,,,,,,74.0,E,61.875,E,93.625,
6,06_5,7,2,ウィロークリーク,83.2,64.47,62.0,E,,,85.0,,69.0,10.25,E,,,,,,,,,89.44444,,66.625,E,51.42857,E
6,06_5,7,3,ゾネブルーム,88.2,72.33,71.0,E,,,98.66667,B,69.0,72.75,E,54.0,78.65,E,,,,,,65.0,E,70.375,E,59.57143,E
6,06_5,7,4,マイネルヴェーゼン,89.0,73.6,72.4,E,,,82.29412,,69.0,61.25,E,,,,,,,,,65.0,E,76.77778,D,80.1,
6,06_5,7,5,ウェイクフィールド,89.6,74.69,70.6,E,,,92.70588,,69.0,31.0,E,,,,,,,,,90.88889,,68.0,E,71.85714,E
6,06_5,7,6,ラヴィニアパーク,92.6,80.0,75.0,D,,,89.4375,,69.0,31.5,E,,,,,,,,,70.44444,E,99.42857,B,90.42857,
6,06_5,7,7,キンググローリー,85.3,67.59,64.5,E,,,83.41176,,69.0,8.75,E,,,,,,,,,76.0,D,65.125,E,84.55556,
6,06_5,7,8,モデレートゲイル,87.5,71.18,71.4,E,,,91.0,,69.0,79.5,D,,,,,,,,,64.22222,E,52.33333,E,72.33333,E
6,06_5,7,9,ノーブルスアーク,94.3,83.15,80.1,,,,81.88235,,69.0,56.0,E,,,,,,,,,78.11111,D,98.9,B,96.5,B
6,06_5,7,10,フォーチュンローズ,93.3,81.32,81.3,,,,88.6875,,69.0,,,,,,,,,,,72.0,E,90.77778,,86.125,
6,06_5,7,11,スチールナイト,84.0,65.61,66.5,E,,,86.875,,69.0,75.5,D,,,,,,,,,55.22222,E,48.625,E,64.0,E
6,06_5,7,12,トーセンマジェスタ,91.9,78.71,77.5,D,,,95.46667,D,69.0,75.5,D,,,,,,,,,87.0,,55.375,E,82.375,
6,06_5,7,13,エクラドット,81.3,61.66,58.1,E,,,81.94118,,69.0,11.5,E,,,,,,,,,52.75,E,65.25,E,68.125,E
6,06_5,7,14,ロイヤルヤマト,81.8,62.34,60.3,E,,,86.88235,,69.0,31.0,E,,,,,,,,,76.0,D,59.4,E,39.42857,E
6,06_5,7,15,ファインブライト,80.4,60.49,58.6,E,,,88.35294,,69.0,8.75,E,,,,,,,,,97.14286,B,65.125,E,23.0,E
6,06_5,7,16,レッドリアライズ,84.9,66.97,68.1,E,,,84.29412,,69.0,83.5,,,,,,,,,,68.55556,E,46.55556,E,56.77778,E
6,06_5,7,17,ミッキーファルコン,97.2,89.05,88.3,,,,98.05882,B,69.0,116.0,S,,,,,,,,,72.66667,E,92.75,,81.44444,
6,06_5,7,18,ベルトラッキ,88.7,73.21,72.2,E,,,94.33333,,69.0,63.75,E,,,,,,,,,71.77778,E,55.33333,E,79.1,D
6,06_6,23,1,ニャンタロウ,90.6,76.47,78.8,D,,,85.5,,75.0,122.0,S,,,,,,,,,75.44444,D,71.375,E,43.7,E
6,06_6,23,2,ロンギングフォユー,87.6,71.31,71.5,E,,,79.0,D,75.0,67.75,E,,,,,,,,,73.0,E,70.5,E,63.88889,E
6,06_6,23,3,ラフレードピエル,92.7,80.19,77.8,D,,,84.4375,,75.0,,,,60.9,E,,,,,,73.0,E,88.88889,,84.3,
6,06_6,23,4,ガンダ,94.6,83.87,83.7,,,,90.9375,,75.0,99.25,B,,,,,,,,,80.0,,76.44444,D,80.8,
6,06_6,23,5,ケントン,93.6,81.82,79.0,D,,,89.9375,,75.0,,,,60.2,E,,,,,,78.44444,D,88.55556,,82.11111,
6,06_6,23,6,ショウナンパトス,92.0,78.85,77.7,D,,,90.0625,,75.0,66.5,E,,,,,,,,,73.0,E,92.375,,69.5,E
6,06_6,23,7,タイセツナヒ,89.6,74.63,74.0,E,,,86.25,,75.0,78.25,D,64.667,,E,,,,,,76.88889,D,82.66667,,54.33333,E
6,06_6,23,8,アジアントレジャー,94.7,83.92,98.7,B,,,86.46667,,75.0,,,,221.0,SS,,,,,,74.33333,E,64.71429,E,70.42857,E
6,06_6,23,9,リヒトミューレ,87.1,70.51,73.4,E,,,73.75,E,75.0,,,,94.4,,,,,,,63.0,E,73.625,E,60.71429,E
6,06_6,23,10,ユアフェリシティ,94.4,83.45,83.3,,,,98.1875,B,75.0,98.0,B,,,,,,,,,73.0,E,88.0,,67.71429,E
6,06_6,23,11,クラウトロック,91.4,77.85,77.8,D,,,90.14286,,75.0,83.0,,,,,,,,,,73.0,E,75.375,D,70.375,E
6,06_6,23,12,アースインハマー,91.2,77.55,80.8,,,,78.41176,D,75.0,97.25,B,98.333,,B,,,,,,78.0,D,71.28571,E,67.4,E
6,06_6,23,13,セントゴーデンス,85.9,68.65,64.2,E,,,96.38889,B,75.0,25.0,E,,,,,,,,,77.1,D,59.1,E,52.33333,E
6,06_7,23,1,ホウオウゴールド,84.5,66.48,64.0,E,,,71.94118,E,75.0,5.25,E,,,,,,,,,84.66667,,83.77778,,63.5,E
6,06_7,23,2,ハーモニーソング,92.9,80.67,80.7,,,,95.5,D,75.0,92.25,,,,,,,,,,67.0,E,80.25,,74.11111,E
6,06_7,23,3,ブリッツアロング,88.1,72.18,71.9,E,,,74.52941,E,75.0,61.75,E,,,,,,,,,59.77778,E,117.625,S,42.77778,E
6,06_7,23,4,クインズポラリス,90.2,75.7,75.4,D,,,75.94118,D,75.0,74.75,E,74.333,,E,,,,,,93.44444,,72.55556,E,61.9,E
6,06_7,23,5,カーヌスティ,86.8,70.07,72.7,E,57.0,,73.53846,E,75.0,,,,,,,,,,,70.11111,E,55.875,E,88.88889,
6,06_7,23,6,ヴォラーレ,87.0,70.4,73.1,E,57.0,,89.92857,,75.0,,,,,,,,,,,70.0,E,83.5,,47.0,E
6,06_7,23,7,ショーモッシュ,86.9,70.23,70.6,E,,,70.0,E,75.0,67.25,E,,,,,,,,,74.0,E,73.22222,E,64.1,E
6,06_7,23,8,ホーリーブライト,79.0,58.54,58.5,E,,,73.41176,E,75.0,,,,,,,,,,,61.88889,E,18.28571,E,64.11111,E
6,06_7,23,9,ヴィンブルレー,90.8,76.71,77.0,D,,,94.375,,75.0,97.25,B,,70.4,E,,,,,,73.0,E,71.25,E,57.88889,E
6,06_7,23,10,エンジェルラダー,88.4,72.72,73.6,E,,,79.70588,D,75.0,84.5,,,,,,,,,,68.0,E,71.875,E,62.66667,E
6,06_7,23,11,スマートフランキー,86.1,68.83,71.2,E,57.0,,86.07692,,75.0,,,,,,,,,,,70.0,E,64.77778,E,60.1,E
6,06_7,23,12,シスター,89.2,74.0,77.4,D,57.0,,81.27273,,75.0,,,,,,,,,,,92.44444,,86.66667,,51.6,E
6,06_7,23,13,バスターコール,90.0,75.46,74.3,E,,,80.76471,,75.0,55.5,E,,,,,,,,,75.88889,D,77.33333,D,81.3,
6,06_7,23,14,ルーフオブヘヴン,83.9,65.5,63.1,E,,,78.52941,D,75.0,5.667,E,,74.0,E,,,,,,77.11111,D,81.88889,,49.8,E
6,06_7,23,15,ピコレッド,86.4,69.38,69.4,E,,,71.5625,E,75.0,,,,,,,,,,,78.22222,D,56.9,E,65.2,E
6,06_7,23,16,ヴィヴァラリス,86.8,69.97,67.2,E,,,84.0625,,75.0,31.5,E,,,,,,,,,62.1,E,93.22222,,57.2,E
6,06_8,23,1,ミヤジテン,86.9,70.13,71.6,E,,,88.9375,,75.0,91.75,,,,,62.25,,E,,,64.55556,E,76.8,D,42.09091,E
6,06_8,23,2,マタミカンサン,88.9,73.45,74.4,E,,,64.82353,E,75.0,69.75,E,,82.6,,71.5,,E,,,73.0,E,71.5,E,86.81818,
6,06_8,23,3,ピラニアキッス,89.5,74.59,77.5,D,57.0,,71.92857,E,75.0,,,,,,73.0,,E,,,73.22222,E,85.27273,,86.72727,
6,06_8,23,4,ヴァリオーサ,92.3,79.45,79.5,D,,,84.4375,,75.0,97.5,B,,74.8,E,72.25,,E,,,62.88889,E,78.11111,D,91.18182,
6,06_8,23,5,レリッシュ,76.7,55.49,54.6,E,,,95.27778,D,75.0,25.0,E,,63.1,E,66.25,,E,,,59.44444,E,36.14286,E,16.27273,E
6,06_8,23,6,ルージュマローネ,84.5,66.36,62.5,E,,,77.23529,D,75.0,25.0,E,,60.9,E,66.0,,E,,,61.22222,E,69.6,E,65.1,E
6,06_8,23,7,テンミラージュ,90.3,75.85,76.7,D,,,81.4375,,75.0,95.5,D,,,,69.75,,E,,,69.44444,E,58.81818,E,87.0,
6,06_8,23,8,パースウェイド,90.8,76.75,76.6,D,,,79.94118,D,75.0,95.5,D,,67.0,E,69.75,,E,,,73.0,E,74.44444,E,77.77778,D
6,06_8,23,9,ライズトゥザトップ,89.1,73.84,73.2,E,,,81.93333,,75.0,,,61.333,,E,70.5,,E,,,70.88889,E,84.9,,68.0,E
6,06_8,23,10,シャンハイナイト,81.4,61.9,62.4,E,,,101.25,A,75.0,98.0,B,66.667,22.5,E,72.75,,E,,,58.11111,E,28.625,E,39.1,E
6,06_8,23,11,キョウエイフロイデ,88.6,73.03,73.2,E,,,88.2,,75.0,,,73.667,,E,66.0,,E,,,59.22222,E,84.77778,,65.77778,E
6,06_8,23,12,ミラクルダンサー,87.5,71.22,67.9,E,,,114.16667,A,75.0,63.5,E,,41.4,E,57.0,,E,,,70.1,E,75.7,D,46.72727,E
6,06_9,43,1,マイネルフーガ,86.4,69.33,64.8,E,,,88.11765,,66.5,30.0,E,,,,,,,,,71.77778,E,71.55556,E,60.88889,E
6,06_9,43,2,タイセイリコルド,86.8,70.06,66.3,E,,,93.05882,,66.5,10.25,E,,,,,,,,,72.88889,E,79.375,D,76.0,D
6,06_9,43,3,ミーントゥビー,83.5,64.93,65.0,E,,,70.75,E,66.5,62.25,E,,,,,,,,,64.22222,E,76.22222,D,49.77778,E
6,06_9,43,4,ダイシンアポロン,84.3,66.16,63.1,E,,,88.47059,,66.5,10.5,E,,,,,,,,,66.75,E,80.625,,65.77778,E
6,06_9,43,5,ヤマニンアドホック,97.1,88.85,87.6,,,,84.33333,,66.5,110.5,A,,,,,,,,,80.66667,,78.66667,D,104.72727,A
6,06_9,43,6,ビーオンザカバー,89.2,74.08,72.8,E,,,85.75,,66.5,66.0,E,,,,,,,,,73.88889,E,98.57143,B,46.0,E
6,06_9,43,7,ドゥカート,86.6,69.73,65.9,E,,,91.29412,,66.5,7.25,E,,,,,,,,,81.375,,73.0,E,76.0,D
6,06_9,43,8,レイヤードレッド,96.3,87.22,80.7,,,,92.58824,,66.5,11.5,E,,,,,,,,,76.0,D,141.75,S,95.90909,D
6,06_9,43,9,ミラーダカリエンテ,91.7,78.39,76.2,D,,,92.88235,,66.5,62.75,E,,,,,,,,,78.1,D,81.54545,,75.41667,D
6,06_10,43,1,プルナチャンドラ,85.7,68.3,63.4,E,,,89.73333,,66.5,25.0,E,,,,,,,,,47.625,E,87.55556,,63.9,E
6,06_10,43,2,マンダリンボレロ,82.5,63.4,59.3,E,,,87.375,,66.5,25.0,E,,,,,,,,,72.11111,E,64.66667,E,40.2,E
6,06_10,43,3,ライジンマル,82.3,63.07,60.5,E,,,88.46667,,66.5,7.0,E,,67.0,E,,,,,,79.88889,D,49.33333,E,65.09091,E
6,06_10,43,4,セザンワールド,87.4,71.05,66.2,E,,,90.3125,,66.5,7.5,E,,67.0,E,,,,,,75.66667,D,83.625,,72.77778,E
6,06_10,43,5,デルマタモン,83.5,64.88,60.9,E,,,85.4,,66.5,10.0,E,73.667,,E,,,,,,73.0,E,70.5,E,47.5,E
6,06_10,43,6,ヤウガウ,88.5,72.88,68.0,E,,,85.06667,,66.5,10.0,E,,,,,,,,,73.0,E,62.28571,E,111.44444,A
6,06_10,43,7,サノノワンダー,86.0,68.74,65.0,E,,,86.2,,66.5,4.0,E,,86.2,,,,,,,75.88889,D,70.1,E,66.09091,E
6,06_10,43,8,シグムンド,95.2,84.93,86.9,,,,85.4375,,66.5,122.0,S,,98.2,B,,,,,,74.0,E,101.0,A,61.45455,E
6,06_10,43,9,デファイ,82.7,63.73,61.0,E,,,72.88235,E,66.5,8.5,E,,,,,,,,,53.11111,E,83.25,,81.55556,
6,06_10,43,10,フィールオーサム,91.4,77.89,77.9,D,,,97.9375,B,66.5,,,,,,,,,,,73.0,E,84.9,,67.09091,E
6,06_11,67,1,マイネルニコラス,86.3,69.23,67.5,E,,,83.47059,,83.5,31.0,E,,,,,76.857,D,,,75.88889,D,64.09091,E,57.81818,E
6,06_11,67,2,タイキラフター,93.4,81.46,81.9,,,,113.85714,A,83.5,86.0,,,,,,75.857,D,,,70.22222,E,66.0,E,77.63636,D
6,06_11,67,3,ミカッテヨンデイイ,83.4,64.71,63.8,E,,,95.0625,D,83.5,7.25,E,,,,,75.0,D,,,82.88889,,43.8,E,58.81818,E
6,06_11,67,4,フレーヴァード,92.0,78.98,78.4,D,,,103.75,A,83.5,58.0,E,,,,,73.429,E,,,85.77778,,70.8,E,73.63636,E
6,06_11,67,5,ロジマンボ,88.1,72.18,69.7,E,,,88.53333,,83.5,11.667,E,,,,,69.143,E,,,77.22222,D,60.4,E,97.4,B
6,06_11,67,6,マイネルブリックス,94.2,83.02,83.0,,,,94.4375,,83.5,,,,,,,77.286,D,,,91.875,,71.5,E,79.54545,D
6,06_11,67,7,シャドウメテオ,93.5,81.65,82.3,,,,94.6875,,83.5,91.5,,,,,,77.571,D,,,78.0,D,85.0,,65.81818,E
6,06_11,67,8,ドットクルー,90.2,75.74,73.1,E,,,77.1875,D,83.5,31.0,E,,,,,78.286,D,,,69.0,E,110.5,A,62.2,E
6,06_11,67,9,スパークリシャール,92.9,80.61,80.6,,,,96.35294,B,83.5,,,,,,,76.571,D,,,79.0,D,57.3,E,90.90909,
6,06_11,67,10,ショウナンラピダス,90.4,76.0,72.0,E,,,96.88235,B,83.5,30.0,E,,,,,72.0,E,,,77.33333,D,70.7,E,73.41667,E
6,06_11,67,11,ソリダリティ,84.9,66.98,65.8,E,,,98.8,B,83.5,10.25,E,,,,,75.571,D,,,72.11111,E,57.6,E,63.11111,E
6,06_11,67,12,コスモフロイデ,102.0,99.3,99.3,B,,,77.5625,D,83.5,,,,,,,72.143,E,,,78.0,D,229.8,SS,54.81818,E
6,06_11,67,13,ルシフェル,88.4,72.6,70.6,E,,,103.125,A,83.5,8.5,E,,,,,77.714,D,,,72.44444,E,79.7,D,69.1,E
6,06_11,67,14,ガジュノリ,88.1,72.08,70.7,E,,,82.9375,,83.5,31.667,E,,,,,78.429,D,,,80.625,,57.4,E,80.66667,
6,06_11,67,15,ホウオウムサシ,86.5,69.6,68.0,E,,,91.93333,,83.5,8.5,E,,,,,73.571,E,,,79.77778,D,65.72727,E,73.08333,E
6,06_11,67,16,エセルフリーダ,88.9,73.45,71.5,E,,,109.8,A,83.5,11.5,E,,,,,76.429,D,,,69.66667,E,82.33333,,67.0,E
6,06_11,67,17,カヨウネンカ,93.0,80.7,76.0,D,,,83.11765,,83.5,30.0,E,,,,,71.429,E,,,72.11111,E,109.0,A,82.9,
6,06_11,67,18,アマイ,88.1,72.12,68.7,E,,,86.5,,83.5,30.0,E,,,,,76.0,D,,,87.4,,49.1,E,68.08333,E
6,06_12,23,1,アセンブリールーム,95.7,86.0,84.8,,,,122.25,S,75.0,87.0,,,,,,,,,,89.11111,,81.25,,54.375,E
6,06_12,23,2,プリムツァール,96.1,86.74,85.2,,,,94.875,,75.0,83.25,,,,,,,,,,83.44444,,98.42857,B,76.44444,D
6,06_12,23,3,エコロライジン,83.1,64.31,61.1,E,,,84.53333,,75.0,30.0,E,,,,,,,,,58.66667,E,74.44444,E,43.9,E
6,06_12,23,4,レッドロスタム,89.4,74.33,70.8,E,,,99.94118,B,75.0,31.5,E,,,,,,,,,72.77778,E,73.77778,E,71.9,E
6,06_12,23,5,イージーブリージー,92.0,78.9,81.0,,,,95.76471,D,75.0,124.0,S,,,,,,,,,65.11111,E,69.75,E,56.22222,E
6,06_12,23,6,ペプロス,82.2,63.02,61.5,E,,,97.17647,B,75.0,11.5,E,,,,,,,,,74.0,E,66.66667,E,44.6,E
6,06_12,23,7,チョングク,96.8,88.08,88.3,,,,87.1875,,75.0,117.75,S,,,,,,,,,74.22222,E,113.5,A,62.0,E
6,06_12,23,8,ゴールドシーン,95.9,86.31,85.2,,,,136.0625,S,75.0,88.75,,,,,,,,,,72.66667,E,75.0,D,63.66667,E
6,06_12,23,9,カイトグート,86.7,69.78,70.1,E,,,80.5,,75.0,65.5,E,,,,,,,,,89.22222,,60.5,E,50.0,E
6,06_12,23,10,スノークローバー,75.6,54.14,57.8,E,,,90.6875,,75.0,78.0,D,,,,,,,,,52.83333,E,21.66667,E,28.5,E
6,06_12,23,11,メランジェ,89.8,74.95,74.4,E,,,102.52941,A,75.0,64.5,E,,,,,,,,,80.0,,59.22222,E,65.0,E
6,06_12,23,12,サトノジール,89.1,73.87,73.0,E,,,102.83333,A,75.0,56.0,E,,,,,,,,,75.1,D,46.9,E,82.18182,
8,08_1,7,1,タントレーベル,91.1,77.27,78.4,D,,,70.55556,E,69.0,114.5,A,,,,64.25,,E,,,80.0,,,,72.22222,E
8,08_1,7,2,メイショウアカリ,86.4,69.31,64.7,E,,,63.66667,E,69.0,4.5,E,,,,67.25,,E,,,77.66667,D,86.55556,,84.0,
8,08_1,7,3,オーブフレッシュ,84.1,65.86,63.0,E,,,89.53333,,69.0,11.667,E,,,,74.0,,E,,,47.125,E,71.8,E,78.1,D
8,08_1,7,4,ドリームハーモニー,88.8,73.24,70.9,E,78.0,,72.0,E,69.0,64.5,E,82.0,58.0,E,58.75,,E,,,73.66667,E,72.6,E,87.66667,
8,08_1,7,5,リーチグローリー,93.6,81.82,80.8,,,,80.5625,,69.0,95.5,D,73.667,,E,67.75,,E,,,80.25,,107.5,A,72.54545,E
8,08_1,7,6,タガノシルフィー,95.9,86.27,86.5,,,,62.73333,E,69.0,125.5,S,,,,71.75,,E,,,70.66667,E,95.9,D,109.9,A
8,08_1,7,7,アーネストアイズ,90.5,76.2,75.3,D,,,80.5,,69.0,70.0,E,,77.2,D,66.25,,E,,,73.0,E,74.125,E,92.6,
8,08_1,7,8,シャフメラン,89.8,75.04,74.6,E,,,75.6875,D,69.0,80.5,,,72.8,E,71.0,,E,,,79.88889,D,79.36364,D,68.18182,E
8,08_1,7,9,イルカンダ,88.0,71.9,77.0,D,,,61.53333,E,69.0,83.0,,,116.5,S,74.0,,E,,,73.0,E,64.2,E,74.90909,E
8,08_1,7,10,ブラッドムーン,90.6,76.4,77.0,D,,,73.06667,E,69.0,71.0,E,,91.3,,64.25,,E,,,96.44444,B,62.55556,E,88.72727,
8,08_1,7,11,アークブリッツ,88.3,72.51,67.8,E,,,77.5625,D,69.0,25.0,E,,,,67.75,,E,,,73.0,E,69.88889,E,92.5,
8,08_1,7,12,ヴォメロ,86.6,69.66,69.6,E,,,67.82353,E,69.0,70.0,E,,,,66.25,,E,,,73.0,E,79.2,D,62.0,E
8,08_2,7,1,アドフランマム,87.0,70.3,70.3,E,,,79.88235,D,69.0,,,,,,,,,,,72.55556,E,67.88889,E,62.18182,E
8,08_2,7,2,トーアウィリアム,91.0,77.14,78.5,D,,,75.33333,D,69.0,77.75,D,,94.4,,,,,,,74.0,E,103.5,A,55.22222,E
8,08_2,7,3,ナムラオットー,78.5,57.88,57.9,E,,,70.6,E,69.0,,,,,,,,,,,45.33333,E,40.66667,E,63.8,E
8,08_2,7,4,コウユーニポポニコ,85.9,68.51,69.5,E,,,80.35294,,69.0,77.75,D,70.333,,E,,,,,,57.22222,E,55.625,E,76.0,D
8,08_2,7,5,バンダムソレール,89.6,74.66,74.8,E,,,68.75,E,69.0,91.75,,69.0,,E,,,,,,75.22222,D,60.22222,E,90.0,
8,08_2,7,6,ゲレイロ,89.1,73.86,69.9,E,,,78.52941,D,69.0,31.5,E,,,,,,,,,80.0,,73.375,E,87.125,
8,08_2,7,7,リアルアルバ,89.1,73.91,73.9,E,,,69.6875,E,69.0,,,,,,,,,,,79.0,D,79.66667,D,72.2,E
8,08_2,7,8,ワイドポティロン,87.3,70.88,70.6,E,,,72.625,E,69.0,70.25,E,74.0,68.15,E,,,,,,79.0,D,73.625,E,58.5,E
8,08_2,7,9,ラヴネヴァーダイズ,87.6,71.34,71.3,E,,,70.375,E,69.0,,,,,,,,,,,65.55556,E,75.28571,D,76.5,D
8,08_2,7,10,エンドレスクライ,92.9,80.58,71.9,E,,,79.9375,D,69.0,25.0,E,,63.1,E,,,,,,76.22222,D,90.11111,,100.11111,A
8,08_2,7,11,セイウンバジリスク,87.6,71.29,72.0,E,,,75.35294,D,69.0,76.75,D,77.333,,D,,,,,,79.0,D,55.44444,E,71.44444,E
8,08_2,7,12,グレートアゲイン,94.4,83.42,81.5,,,,79.41176,D,69.0,73.0,E,76.333,95.45,,,,,,,87.0,,,,90.0,
8,08_2,7,13,オアシスアラン,95.8,86.23,86.5,,,,74.0,E,69.0,124.75,S,,,,,,,,,60.14286,E,108.55556,A,82.3,
8,08_2,7,14,サンリナリア,89.0,73.59,73.6,E,,,80.94118,,69.0,,,,,,,,,,,79.0,D,66.0,E,73.0,E
8,08_3,15,1,レイナサンライズ,88.7,73.22,72.0,E,80.6,71.5,71.5,E,59.0,,,,,,,,,,,73.0,E,48.55556,E,108.33333,A
8,08_3,15,2,スマートエトワール,91.3,77.71,77.2,D,80.6,66.2,88.5,,59.0,,,,,,,,,,,75.75,D,71.0,E,102.85714,A
8,08_3,15,3,テリコス,90.1,75.59,74.8,E,80.6,67.8,77.5,D,59.0,,,,,,,,,,,61.75,E,93.33333,,89.14286,
8,08_3,15,4,フォーティンブラス,89.6,74.63,73.6,E,80.6,72.4,117.5,S,59.0,,,,,,,,,,,55.5,E,70.88889,E,66.5,E
8,08_3,15,5,ヒカ,89.9,75.19,74.3,E,80.6,84.75,68.66667,E,59.0,,,,,,,,,,,73.0,E,100.0,A,60.25,E
8,08_3,15,6,マダムカマラード,84.8,66.86,64.6,E,80.6,59.2,76.33333,D,59.0,,,,,,,,,,,61.0,E,74.33333,E,57.5,E
8,08_3,15,7,ソルアモール,87.1,70.58,68.9,E,80.6,66.4,86.16667,,59.0,,,,,,,,,,,74.5,E,57.125,E,70.25,E
8,08_3,15,8,ダイイズキャスト,89.1,73.87,72.7,E,80.6,75.75,91.0,,59.0,,,,,,,,,,,73.0,E,71.0,E,66.71429,E
8,08_3,15,9,ホーナー,88.1,72.11,70.7,E,80.6,75.0,71.5,E,59.0,,,,,,,,,,,79.0,D,78.5,D,61.14286,E
8,08_3,15,10,マリンパレス,86.5,69.57,67.7,E,80.6,56.0,93.83333,,59.0,,,,,,,,,,,75.375,D,87.28571,,34.83333,E
8,08_3,15,11,トレジャーストーン,88.7,73.18,71.9,E,80.6,73.0,76.8,D,59.0,,,,,,,,,,,68.0,E,86.125,,68.71429,E
8,08_3,15,12,メイショウライゴー,91.4,77.92,77.5,D,80.6,74.25,83.5,,59.0,,,,,,,,,,,79.0,D,81.5,,87.57143,
8,08_3,15,13,ウインクリンゲル,90.3,75.84,75.0,D,80.6,75.66667,80.0,,59.0,,,,,,,,,,,87.0,,74.28571,E,74.28571,E
8,08_3,15,14,ベルラフィネ,91.4,77.88,77.4,D,80.6,67.8,101.66667,A,59.0,,,,,,,,,,,75.25,D,80.77778,,80.0,
8,08_3,15,15,ジャージーテーラー,87.0,70.41,68.7,E,80.6,74.0,72.0,E,59.0,,,,,,,,,,,73.0,E,68.4,E,65.85714,E
8,08_3,15,16,ストリートクイーン,91.8,78.56,78.2,D,80.6,107.66667,107.0,A,59.0,,,,,,,,,,,73.0,E,76.77778,D,45.83333,E
8,08_4,23,1,カンカール,86.4,69.3,69.6,E,,,89.35294,,75.0,64.25,E,,,,62.25,,E,,,63.33333,E,74.55556,E,58.5,E
8,08_4,23,2,ポムドール,88.4,72.64,73.0,E,,,70.47059,E,75.0,75.5,D,,,,70.0,,E,,,87.55556,,83.22222,,49.28571,E
8,08_4,23,3,イーブンベター,91.4,77.88,76.7,D,,,70.05882,E,75.0,,,,66.45,E,73.0,,E,,,77.33333,D,,,98.3,B
8,08_4,23,4,リトムテール,87.1,70.45,72.7,E,57.0,,81.14286,,75.0,,,,,,77.5,,D,,,68.66667,E,67.22222,E,66.6,E
8,08_4,23,5,ルクスデイジー,92.6,80.07,75.3,D,,,71.1875,E,75.0,82.25,,,38.2,E,73.75,,E,,,101.66667,A,77.55556,D,82.4,
8,08_4,23,6,ミヤジマナ,90.1,75.62,77.8,D,,,70.05882,E,75.0,122.5,S,,,,68.25,,E,,,66.55556,E,66.33333,E,75.85714,D
8,08_4,23,7,リンゲルブルーメ,87.8,71.65,68.0,E,,,86.35294,,75.0,25.0,E,,82.2,,68.25,,E,,,77.77778,D,65.44444,E,64.16667,E
8,08_4,23,8,ダノンプリマ,92.6,80.06,79.1,D,,,66.1875,E,75.0,69.75,E,,,,72.25,,E,,,102.11111,A,76.2,D,92.09091,
8,08_4,23,9,ヴァカンツァ,88.6,73.06,73.1,E,,,75.05882,D,75.0,64.5,E,78.667,,D,73.0,,E,,,73.0,E,76.0,D,69.72727,E
8,08_4,23,10,カフェロワイヤル,90.5,76.32,74.6,E,,,79.1875,D,75.0,65.25,E,66.0,,E,66.0,,E,,,74.88889,E,78.1,D,92.1,
8,08_4,23,11,サリーチェ,91.4,77.92,78.2,D,,,99.23529,B,75.0,88.75,,,,,73.75,,E,,,71.22222,E,72.7,E,66.45455,E
8,08_4,23,12,パシフィックハイ,92.2,79.2,75.5,D,,,88.70588,,75.0,9.5,E,,,,66.0,,E,,,79.77778,D,109.88889,A,99.5,B
8,08_4,23,13,レイム,86.8,69.99,72.3,E,,,69.0625,E,75.0,99.5,B,,72.8,E,69.25,,E,,,66.22222,E,56.7,E,70.0,E
8,08_4,23,14,キトンインザスカイ,94.4,83.49,83.5,,,,101.0,A,75.0,,,,,,66.0,,E,,,79.0,D,81.11111,,98.8,B
8,08_4,23,15,クインズセレネ,89.7,74.78,70.0,E,,,91.88235,,75.0,25.0,E,,,,66.0,,E,,,80.66667,,69.5,E,82.27273,
8,08_4,23,16,ペガサスノース,89.6,74.68,70.4,E,,,82.61111,,75.0,30.0,E,,,,71.5,,E,,,79.6,D,78.18182,D,76.18182,D
8,08_5,7,1,ダノンオブアイデア,91.7,78.3,76.5,D,,,90.94118,,69.0,64.0,E,,,,,,,,,74.33333,E,70.25,E,90.3,
8,08_5,7,2,マイコンチェルト,86.0,68.74,69.8,E,,,96.41176,B,69.0,87.5,,,,,,,,,,70.0,E,46.5,E,49.44444,E
8,08_5,7,3,プロスト,79.9,59.74,57.9,E,,,85.625,,69.0,8.5,E,,,,,,,,,57.28571,E,58.22222,E,68.88889,E
8,08_5,7,4,マテンロウオリジン,89.2,74.06,73.1,E,,,94.875,,69.0,67.0,E,,,,,,,,,70.88889,E,67.875,E,69.0,E
8,08_5,7,5,イニシオ,96.9,88.35,88.2,,,,92.125,,69.0,123.75,S,,,,,,,,,69.88889,E,72.25,E,102.0,A
8,08_5,7,6,トゥレネヴェリテ,87.0,70.38,79.8,D,,,66.11765,E,69.0,122.5,S,58.667,130.0,,,,,,,76.0,D,32.71429,E,83.66667,
8,08_5,7,7,エンジェルボイス,86.9,70.17,66.5,E,,,83.35294,,69.0,7.25,E,,,,,,,,,88.11111,,73.66667,E,77.875,D
8,08_5,7,8,マイネルホウセン,90.1,75.6,77.2,D,,,84.64706,,69.0,116.75,S,,,,,,,,,75.33333,D,50.875,E,66.3,E
8,08_5,7,9,ドンテスタマスター,88.7,73.11,72.3,E,,,64.4375,E,69.0,67.0,E,,,,,,,,,76.0,D,75.44444,D,82.0,
8,08_5,7,10,ダイナソーコー,82.3,63.17,60.4,E,,,84.41176,,69.0,10.25,E,,,,,,,,,71.88889,E,,,66.55556,E
8,08_5,7,11,パウンドフォーワン,93.9,82.41,81.4,,,,85.58824,,69.0,91.25,,,,,,,,,,76.0,D,72.625,E,94.0,
8,08_5,7,12,ファインウーマン,90.4,76.12,78.2,D,,,92.11765,,69.0,127.75,S,,,,,,,,,69.0,E,62.83333,E,48.5,E
8,08_5,7,13,スズカサートゥル,91.4,77.78,77.5,D,,,83.17647,,69.0,91.0,,,,,,,,,,74.0,E,76.77778,D,71.3,E
8,08_5,7,14,キボウホー,78.5,57.78,55.6,E,,,69.82353,E,69.0,8.333,E,,,,,,,,,65.0,E,34.75,E,86.75,
8,08_5,7,15,オリオンブレード,90.9,77.02,77.0,D,,,84.52941,,69.0,,,,,,,,,,,74.33333,E,80.77778,,76.44444,D
8,08_5,7,16,ヒラボクソライア,100.4,95.73,95.7,D,,,106.6,A,69.0,,,,,,,,,,,71.88889,E,84.5,,146.66667,S
8,08_5,7,17,ブラックオリンピア,94.2,83.02,83.0,,,,90.875,,69.0,111.5,A,,,,,,,,,69.33333,E,80.33333,,77.2,D
8,08_5,7,18,ボクサークラブ,88.5,72.74,68.2,E,,,91.05882,,69.0,10.0,E,,,,,,,,,70.6,E,81.33333,,87.125,
8,08_6,7,1,エロイーズ,85.1,67.36,64.3,E,,,79.64706,D,69.0,9.75,E,,,,,,,,,76.77778,D,90.0,,60.875,E
8,08_6,7,2,テイスティング,88.8,73.24,73.2,E,,,94.625,,69.0,,,,,,,,,,,74.0,E,62.57143,E,66.0,E
8,08_6,7,3,ミレニアルピンク,88.3,72.55,67.6,E,,,81.17647,,69.0,30.0,E,,,,,,,,,65.66667,E,72.125,E,87.77778,
8,08_6,7,4,ホーリーステップ,88.5,72.81,72.6,E,,,67.23529,E,69.0,,,,74.1,E,,,,,,76.0,D,70.0,E,79.25,D
8,08_6,7,5,タフクッキー,96.1,86.71,86.4,,,,97.5,B,69.0,116.0,S,,,,,,,,,70.22222,E,84.33333,,81.18182,
8,08_6,7,6,アンガーザガール,93.5,81.76,73.9,E,,,64.94118,E,69.0,25.0,E,82.667,75.95,D,,,,,,67.11111,E,74.77778,E,131.6,S
8,08_6,7,7,パゴスピグイノス,84.9,67.08,58.9,E,,,84.17647,,69.0,25.0,E,,31.3,E,,,,,,76.88889,D,64.55556,E,61.2,E
8,08_6,7,8,ゼフィルス,84.8,66.92,66.8,E,,,73.3125,E,69.0,60.25,E,,,,,,,,,65.0,E,63.625,E,69.5,E
8,08_6,7,9,ライゼシュトゥルム,88.2,72.34,73.1,E,,,86.41176,,69.0,92.0,,,,,,,,,,79.33333,D,53.875,E,57.75,E
8,08_6,7,10,ルナカカオ,92.4,79.63,79.6,D,,,104.11765,A,69.0,,,,,,,,,,,90.5,,75.125,D,59.4,E
8,08_6,7,11,レインボーステート,89.5,74.59,77.9,D,,,64.29412,E,69.0,124.25,S,74.667,,E,,,,,,76.11111,D,77.22222,D,59.875,E
8,08_6,7,12,センリョウヤクシャ,95.0,84.49,85.0,,,,95.0,,69.0,124.25,S,,,,,,,,,78.88889,D,74.875,E,67.875,E
8,08_6,7,13,エバイダンス,85.9,68.6,69.6,E,,,75.6875,D,69.0,83.5,,,,,,,,,,69.66667,E,,,50.375,E
8,08_6,7,14,メルメラーダ,95.6,85.74,83.5,,,,80.375,,69.0,79.5,D,,,,,,,,,87.0,,88.625,,96.71429,B
8,08_6,7,15,クリーンブーケ,79.2,58.78,57.9,E,,,75.35294,D,69.0,30.333,E,,,,,,,,,78.11111,D,37.14286,E,57.5,E
8,08_6,7,16,アステリアート,88.6,73.03,73.0,E,,,92.76471,,69.0,,,,,,,,,,,65.0,E,68.375,E,70.0,E
8,08_6,7,17,フルフィルメント,89.8,74.95,74.3,E,,,98.35294,B,69.0,74.75,E,,,,,,,,,65.0,E,55.55556,E,83.0,
8,08_7,23,1,サンマルミッション,83.7,65.15,68.3,E,57.0,,102.4375,A,75.0,65.25,E,74.0,,E,,,,,,58.125,E,24.66667,E,78.77778,D
8,08_7,23,2,ユキノクラウン,89.7,74.9,69.1,E,,,75.06667,D,75.0,4.5,E,,77.2,D,,,,,,92.0,,82.28571,,77.88889,D
8,08_7,23,3,ヴィーナスバブル,86.6,69.68,69.7,E,,,87.23529,,75.0,,,,,,,,,,,86.22222,,55.125,E,44.8,E
8,08_7,23,4,クロノスバレット,94.4,83.46,84.9,,,,86.875,,75.0,127.0,S,,,,,,,,,79.0,D,79.375,D,62.4,E
8,08_7,23,5,マッハレイジング,88.3,72.5,72.5,E,,,68.05556,E,75.0,,,,,,,,,,,69.22222,E,70.11111,E,80.1,
8,08_7,23,6,ローズゴジャール,83.9,65.45,65.4,E,,,68.1875,E,75.0,,,,,,,,,,,73.0,E,49.33333,E,61.72727,E
8,08_7,23,7,ワイドクリーガー,92.5,79.79,79.8,D,,,77.8125,D,75.0,,,,,,,,,,,61.25,E,110.875,A,74.0,E
8,08_7,23,8,ケイアイワイラーパ,86.3,69.18,68.5,E,,,71.29412,E,75.0,,,,60.2,E,,,,,,60.0,E,70.0,E,74.55556,E
8,08_7,23,9,ブリオメンテ,89.1,73.76,66.6,E,,,71.375,E,75.0,25.0,E,53.667,,E,,,,,,66.22222,E,76.22222,D,99.0,B
8,08_7,23,10,バシリス,91.7,78.44,78.4,D,,,74.4375,E,75.0,,,,,,,,,,,108.88889,A,55.77778,E,78.09091,D
8,08_7,23,11,アークドール,94.4,83.38,85.5,,,,64.70588,E,75.0,117.75,S,85.5,,,,,,,,75.0,D,82.6,,98.27273,B
8,08_8,43,1,セールヴォラン,90.3,75.81,76.0,D,,,78.5,D,66.5,97.0,B,,,,,,,,,73.0,E,75.5,D,65.2,E
8,08_8,43,2,モズナイスバディー,91.1,77.26,76.6,D,,,72.52941,E,66.5,87.5,,,,,,,,,,80.88889,,88.4,,64.0,E
8,08_8,43,3,ハリーケーン,93.7,82.03,80.4,,,,82.4375,,66.5,83.0,,,,,,,,,,95.16667,D,81.66667,,73.4,E
8,08_8,43,4,スペシャルナンバー,90.1,75.48,76.2,D,,,65.5625,E,66.5,,,,86.4,,,,,,,76.33333,D,79.3,D,83.09091,
8,08_8,43,5,フェデラー,93.4,81.42,86.7,,,,72.66667,E,66.5,,,70.667,156.35,A,,,,,,73.0,E,74.55556,E,92.9,
8,08_8,43,6,ディキシーガンナー,90.3,75.81,75.3,D,,,74.5,E,66.5,97.75,B,63.0,,E,,,,,,79.0,D,71.75,E,74.6,E
8,08_8,43,7,ジーベック,89.9,75.17,73.6,E,,,73.05882,E,66.5,,,,65.1,E,,,,,,79.0,D,78.11111,D,79.9,D
8,08_8,43,8,ビーマックス,90.5,76.2,74.6,E,,,83.3125,,66.5,66.5,E,,,,,,,,,72.22222,E,74.125,E,84.85714,
8,08_8,43,9,セントールビースト,94.8,84.13,81.5,,,,69.13333,E,66.5,92.25,,70.333,,E,,,,,,92.55556,,69.55556,E,110.2,A
8,08_8,43,10,ヴリトラハン,100.5,95.93,93.2,,,,74.3125,E,66.5,,,,86.4,,,,,,,74.88889,E,146.22222,S,111.1,A
8,08_8,43,11,フェリ,89.7,74.9,73.5,E,,,69.625,E,66.5,,,,66.6,E,,,,,,76.44444,D,80.88889,,81.0,
8,08_8,43,12,クラリティスケール,88.5,72.78,72.1,E,,,72.76471,E,66.5,64.25,E,,76.9,D,,,,,,96.77778,B,67.5,E,60.14286,E
8,08_8,43,13,プレアデスグループ,89.3,74.12,76.6,D,,,68.3125,E,66.5,,,,100.4,A,,,,,,70.0,E,78.0,D,76.5,D
8,08_8,43,14,イマージョン,90.6,76.4,76.4,D,,,73.8125,E,66.5,,,,,,,,,,,78.77778,D,67.125,E,95.8,D
8,08_8,43,15,ドンパッショーネ,90.6,76.45,76.2,D,,,75.22222,D,66.5,91.25,,,,,,,,,,79.0,D,65.33333,E,79.7,D
8,08_9,115,1,タガノアルトゥーラ,93.2,81.23,81.4,,,,83.8125,,65.0,117.25,S,,,,,,,,,74.55556,E,77.375,D,70.57143,E
8,08_9,115,2,ラディアントスター,84.9,67.09,63.3,E,,,95.25,D,65.0,31.0,E,,,,,,,,,61.125,E,,,64.0,E
8,08_9,115,3,グレーヌドジョワ,84.3,66.08,61.4,E,,,92.9375,,65.0,11.0,E,,,,,,,,,71.11111,E,60.25,E,68.11111,E
8,08_9,115,4,ウィズクィーン,90.6,76.37,76.4,D,,,82.125,,65.0,,,,,,,,,,,76.0,D,69.5,E,89.22222,
8,08_9,115,5,マテンロウゼロ,84.8,66.84,63.5,E,,,82.93333,,65.0,10.25,E,,,,,,,,,74.0,E,68.88889,E,79.88889,D
8,08_9,115,6,アロンソア,91.5,77.95,76.7,D,,,70.17647,E,65.0,81.75,,,,,,,,,,69.0,E,64.66667,E,109.75,A
8,08_9,115,7,ショウナンハヤナミ,88.7,73.15,72.1,E,,,68.875,E,65.0,69.75,E,,,,,,,,,90.375,,66.71429,E,71.625,E
8,08_9,115,8,ダークマルス,96.2,87.01,85.9,,,,96.125,B,65.0,111.75,A,,,,,,,,,73.11111,E,87.55556,,82.09091,
8,08_9,115,9,イベントホライゾン,90.2,75.76,70.1,E,,,89.9375,,65.0,30.0,E,,,,,,,,,72.11111,E,85.3,,78.1,D
8,08_9,115,10,オーライカモン,94.7,83.9,83.9,,,,92.53333,,65.0,,,,,,,,,,,76.0,D,78.33333,D,107.625,A
8,08_9,115,11,ラージアンサンブル,86.2,69.05,65.5,E,,,86.4,,65.0,31.0,E,,,,,,,,,65.0,E,72.11111,E,73.75,E
8,08_9,115,12,エルハーベン,88.8,73.28,71.8,E,,,74.4375,E,65.0,63.75,E,,,,,,,,,82.77778,,68.125,E,76.9,D
8,08_9,115,13,アクロフェイズ,95.9,86.4,78.9,D,,,95.29412,D,65.0,30.0,E,,,,,,,,,70.8,E,105.81818,A,106.77778,A
8,08_10,67,1,ゴールドダイアー,95.8,86.11,85.1,,,,78.52941,D,83.5,73.0,E,,,,,,,,,73.0,E,90.75,,111.77778,A
8,08_10,67,2,マイノワール,87.8,71.62,74.9,E,,,89.76471,,83.5,92.0,,75.0,,D,,,,,,71.125,E,70.75,E,42.0,E
8,08_10,67,3,ヒロノラメール,97.7,89.99,88.5,,,,101.0,A,83.5,75.5,D,,,,,,,,,82.66667,,62.625,E,125.5,S
8,08_10,67,4,アスクシュタイン,90.7,76.63,77.6,D,,,85.0,,83.5,79.75,D,,,,,,,,,69.0,E,85.66667,,62.5,E
8,08_10,67,5,リューデスハイム,90.8,76.73,70.3,E,,,75.82353,D,83.5,25.0,E,,64.15,E,,,,,,90.875,,79.125,D,73.77778,E
8,08_10,67,6,ペイシャモノノフ,88.4,72.6,72.4,E,,,70.625,E,83.5,,,,59.45,E,,,,,,75.0,D,63.22222,E,82.66667,
8,08_10,67,7,レーウィン,97.4,89.42,84.4,,,,66.58824,E,83.5,80.75,,,58.0,E,,,,,,77.66667,D,140.57143,S,84.0,
8,08_10,67,8,シャルクハフト,90.8,76.84,72.3,E,,,78.66667,D,83.5,25.0,E,,86.6,,,,,,,86.25,,70.55556,E,75.7,D
8,08_10,67,9,メイショウシナノ,86.9,70.11,69.8,E,,,65.52941,E,83.5,,,,60.2,E,,,,,,64.375,E,69.0,E,75.9,D
8,08_10,67,10,シンビリーブ,94.6,83.7,79.2,D,,,86.73333,,83.5,69.25,E,84.0,50.5,E,,,,,,88.0,,81.0,,90.3,
8,08_10,67,11,モズマーヴェリック,96.2,86.9,86.9,,,,92.64706,,83.5,,,,,,,,,,,71.625,E,105.375,A,81.33333,
8,08_10,67,12,メイプルタピット,87.2,70.63,72.1,E,,,84.3125,,83.5,67.25,E,,,,,,,,,85.88889,,,,39.66667,E
8,08_10,67,13,ホルトバージ,86.7,69.9,74.4,E,,,67.41176,E,83.5,76.0,D,,92.4,,,,,,,79.11111,D,57.5,E,65.0,E
8,08_10,67,14,ペンナヴェローチェ,91.0,77.05,79.8,D,,,69.94118,E,83.5,,,,98.2,B,,,,,,86.55556,,75.11111,D,65.22222,E
8,08_10,67,15,タンゴバイラリン,83.7,65.23,63.0,E,,,89.5,,83.5,5.0,E,,,,,,,,,67.0,E,69.66667,E,63.6,E
8,08_11,131,1,クランフォード,89.8,75.04,72.8,E,,,78.28571,D,59.5,65.5,E,,,,,,,,,83.75,,70.57143,E,79.11111,D
8,08_11,131,2,スズハローム,90.0,75.41,72.9,E,,,115.8,S,59.5,62.25,E,,,,,,,,,74.375,E,42.83333,E,82.71429,
8,08_11,131,3,バレエマスター,84.1,65.8,64.6,E,,,86.4375,,59.5,56.0,E,,,,,,,,,66.0,E,49.71429,E,69.66667,E
8,08_11,131,4,マイネルチケット,89.9,75.13,72.8,E,,,106.76471,A,59.5,65.0,E,,,,,,,,,74.625,E,68.85714,E,62.25,E
8,08_11,131,5,レイベリング,92.8,80.47,77.0,D,,,126.73333,S,59.5,60.25,E,,,,,,,,,81.5,,69.125,E,65.0,E
8,08_11,131,6,ゾンニッヒ,88.9,73.41,73.4,E,,,86.0,,59.5,,,,,,,,,,,63.625,E,,,84.5,
8,08_11,131,7,スカイロケット,90.4,76.12,71.8,E,,,98.0625,B,59.5,30.75,E,,,,,,,,,81.88889,,87.66667,,72.63636,E
8,08_11,131,8,シヴァース,91.1,77.33,74.5,E,,,73.33333,E,59.5,62.5,E,,,,,,,,,78.55556,D,86.33333,,86.90909,
8,08_11,131,9,ハクサンバード,92.8,80.42,80.4,,,,88.0,,59.5,,,,,,,,,,,73.8,E,75.28571,D,105.5,A
8,08_11,131,10,タガノエルピーダ,92.4,79.59,76.6,D,,,107.13333,A,59.5,65.25,E,,,,,,,,,93.66667,,69.625,E,64.2,E
8,08_11,131,11,ビップデイジー,98.5,91.76,89.9,,,,89.875,,59.5,122.25,S,,,,,,,,,72.0,E,96.125,B,99.44444,B
8,08_11,131,12,クルゼイロドスル,91.3,77.58,77.6,D,,,100.125,A,59.5,,,,,,,,,,,93.875,,70.71429,E,63.66667,E
8,08_11,131,13,セフィロ,96.2,86.91,82.4,,,,120.6,S,59.5,61.25,E,,,,,,,,,86.22222,,81.44444,,85.625,
8,08_11,131,14,ニホンピロキーフ,86.5,69.61,65.5,E,,,105.33333,A,59.5,31.0,E,,,,,,,,,75.66667,D,62.77778,E,59.0,E
8,08_12,43,1,バンブルビー,88.8,73.29,73.6,E,,,103.625,A,66.5,92.0,,,,,,,,,,66.0,E,64.125,E,49.2,E
8,08_12,43,2,スカプラリオ,80.8,61.04,58.7,E,,,68.64706,E,66.5,8.5,E,,,,,,,,,76.44444,D,58.4,E,73.9,E
8,08_12,43,3,ジッピーレーサー,89.5,74.47,74.5,E,,,103.125,A,66.5,,,,,,,,,,,65.0,E,92.85714,,44.875,E
8,08_12,43,4,メイショウカイト,88.3,72.46,72.5,E,,,93.53333,,66.5,,,,,,,,,,,60.0,E,66.83333,E,75.44444,D
8,08_12,43,5,アオイミモザ,86.5,69.52,69.5,E,,,69.17647,E,66.5,,,,,,,,,,,85.55556,,56.875,E,69.5,E
8,08_12,43,6,メイショウヨゾラ,88.0,71.99,68.2,E,,,87.58824,,66.5,31.5,E,,,,,,,,,88.0,,69.375,E,66.0,E
8,08_12,43,7,サヴァビアン,84.6,66.55,66.5,E,,,96.75,B,66.5,,,,,,,,,,,73.22222,E,49.85714,E,46.4,E
8,08_12,43,8,エイムフォーエース,85.0,67.18,63.9,E,,,79.64706,D,66.5,9.75,E,,,,,,,,,79.77778,D,88.5,,59.3,E
8,08_12,43,9,コスタデラルス,78.4,57.72,63.2,E,,,76.52941,D,66.5,65.25,E,,91.3,,,,,,,58.375,E,40.0,E,44.375,E
8,08_12,43,10,リアライズ,87.8,71.65,71.6,E,,,75.94118,D,66.5,,,,,,,,,,,75.33333,D,69.875,E,70.6,E
8,08_12,43,11,ルトゥール,90.1,75.6,75.6,D,,,76.27778,D,66.5,,,,,,,,,,,77.7,D,82.0,,75.5,D
