場所,レース,クラス,馬番,馬名,MS_index,MS_index_value,総合係数,総合判定,基準値,未勝利,コース,(判定),O_Month,O_Level,(判定),O_Trouble,O_Bias,(複合判定),S_Female,S_Handi,(複合判定),重賞,(判定),血統,(判定),騎手,(判定),調教師,(判定),総合係数
10,10_1,7,1,マシン,6.82,11.46,0.181,E,70.0,1.0,0.46422,E,1.013,0.401,E,1.0,1.0,,1.0,1.0,,1.0,,1.0,,0.96233,,0.90301,D,0.181
10,10_1,7,2,シンゼンイセ,19.1,32.1,0.445,E,67.0,1.0,0.46315,E,1.013,0.842,E,1.0,1.0,,1.0,1.0,,1.0,,1.0,,1.12695,A,1.07583,B,0.445
10,10_1,7,3,ホワイトラバーズ,1.55,2.6,0.045,E,50.0,1.0,0.47458,E,1.013,0.196,E,1.0,1.0,,1.0,1.0,,1.0,,0.93754,D,0.50491,E,1.1619,S,0.045
10,10_1,7,4,オトコノロマン,4.26,7.16,0.125,E,58.0,1.0,0.18321,E,1.013,0.748,E,0.937,0.882,E,1.0,1.0,,1.0,,1.04935,D,1.04008,D,0.98489,,0.125
10,10_1,7,5,アンコールアゲイン,2.39,4.02,0.051,E,76.0,1.0,0.50392,E,1.013,0.097,E,1.0,1.0,,1.0,1.0,,1.0,,1.0,,1.03964,,1.02505,,0.051
10,10_1,7,6,ゴールデンドラゴン,10.09,16.95,0.393,E,50.0,1.0,0.4808,E,1.013,0.771,E,1.0,1.0,,1.0,1.0,,1.0,,1.0,,1.04614,D,0.86268,E,0.393
10,10_1,7,7,アーサーバローズ,21.85,36.71,0.647,E,57.0,1.0,0.9278,D,1.013,0.656,E,1.079,0.844,D,1.0,1.0,,1.0,,1.0,,1.15219,A,0.99625,,0.647
10,10_1,7,8,マカラス,23.4,39.32,0.516,E,74.0,1.0,0.44678,E,1.013,1.0,,1.0,0.926,D,1.0,1.0,,1.0,,1.1774,S,1.04632,D,1.02875,,0.516
10,10_1,7,9,ワルトシュタイン,9.8,16.46,0.29,E,70.0,1.0,0.42602,E,1.013,0.773,E,1.0,0.875,D,1.0,1.0,,1.0,,1.02062,,0.9733,,0.81034,E,0.29
10,10_1,7,10,セルシャーム,0.74,1.24,0.016,E,60.0,1.0,0.96856,,1.013,0.036,E,1.0,1.0,,1.0,1.0,,1.0,,0.43069,E,1.0589,B,1.28616,SS,0.016
10,10_2,7,1,ムーンリットビーチ,16.57,62.61,0.871,D,62.0,1.0,0.99279,,1.013,0.813,E,1.0,1.0,,1.0,1.0,,1.0,,1.02893,,1.03551,,1.15878,A,0.871
10,10_2,7,2,ポッドリプル,1.83,6.93,0.101,E,62.0,1.0,1.12202,A,1.013,0.104,E,1.0,1.0,,1.0,1.0,,1.0,,1.0,,0.85202,E,1.11068,A,0.101
10,10_2,7,3,ラップトップ,1.3,4.93,0.058,E,78.0,1.0,1.14037,A,1.013,0.104,E,1.0,1.0,,1.0,1.0,,1.0,,1.0,,0.48262,E,1.09209,B,0.058
10,10_2,7,4,アルヴァンドルード,27.17,102.69,0.959,D,90.3,1.0,0.45508,E,1.013,1.501,SS,1.0,1.0,,1.0,1.0,,1.0,,1.1523,A,1.20213,S,1.18666,S,0.959
10,10_2,7,5,ヒメヒオウギ,2.06,7.78,0.122,E,66.0,1.0,1.00049,,1.013,0.104,E,1.0,1.0,,1.0,1.0,,1.0,,1.0,,1.16212,S,0.96321,,0.122
10,10_2,7,6,サトノアグード,1.55,5.84,0.063,E,80.0,1.0,0.49501,E,1.013,0.104,E,1.0,1.0,,1.0,1.0,,1.0,,1.02937,,1.17324,S,1.16064,S,0.063
10,10_2,7,7,カシノスパーク,0.03,0.13,0.044,E,24.0,1.0,0.46421,E,1.013,0.104,E,1.0,1.0,,1.0,1.0,,1.0,,0.81378,E,1.11286,A,0.11854,E,0.044
10,10_2,7,8,フレアオブセンス,8.26,31.22,0.445,E,66.0,1.0,0.50265,E,1.013,0.808,E,1.0,1.0,,1.0,1.0,,1.0,,1.0,,1.08056,B,1.06331,B,0.445
10,10_2,7,9,セイウンヤオヨロズ,0.67,2.55,0.063,E,43.0,1.0,1.17435,S,1.013,0.104,E,1.0,1.0,,1.0,1.0,,1.0,,1.0,,0.50853,E,0.94343,D,0.063
10,10_2,7,10,ロングホリデー,13.93,52.66,0.638,E,69.0,1.0,0.4488,E,1.013,0.93,D,1.0,1.0,,1.0,1.0,,1.0,,1.108,A,1.36174,SS,1.19656,S,0.638
10,10_2,7,11,ミツカネマルテ,1.72,6.5,0.78,E,77.0,1.0,1.07924,B,1.013,0.74,E,1.0,1.0,,1.0,1.0,,1.0,,0.97043,,0.99308,,0.10814,E,0.78
10,10_2,7,12,クータモ,5.53,20.89,0.369,E,53.0,1.0,0.4794,E,1.013,0.842,E,1.0,1.0,,1.0,1.0,,1.0,,1.02017,,0.88529,D,1.06686,B,0.369
10,10_2,7,13,ブリックアブラック,7.66,28.94,0.426,E,65.0,1.0,0.46607,E,1.013,0.826,E,1.0,1.0,,1.0,1.0,,1.0,,1.14988,A,0.95071,D,1.04447,D,0.426
10,10_2,7,14,ベンティガオルサ,9.99,37.75,0.471,E,80.0,1.0,0.47341,E,1.013,0.827,E,1.0,1.0,,1.0,1.0,,1.0,,1.01786,,1.16554,S,1.00232,,0.471
10,10_2,7,15,ヤクジョ,0.77,2.92,0.313,E,77.0,1.0,0.45842,E,1.013,0.826,E,1.0,1.0,,1.0,1.0,,1.0,,0.98552,,0.82829,E,0.12107,E,0.313
10,10_2,7,16,アイムスティルミー,0.95,3.59,0.051,E,58.0,1.0,0.97642,,1.013,0.104,E,1.0,1.0,,1.0,1.0,,1.0,,0.97496,,0.50422,E,1.22528,S,0.051
10,10_3,7,1,アルサック,25.37,75.74,0.873,D,80.0,1.0,1.05656,B,1.013,0.879,D,1.0,1.012,,1.0,1.0,,1.0,,0.94677,D,0.96845,,1.08361,B,0.873
10,10_3,7,2,カッタッパ,22.87,68.28,0.717,E,75.0,1.0,0.44825,E,1.013,1.413,SS,1.0,1.0,,1.0,1.0,,1.0,,1.0,,1.11712,A,1.26976,SS,0.717
10,10_3,7,3,ミスヘンリー,2.05,6.11,0.081,E,71.0,1.0,0.42703,E,1.013,0.75,E,1.0,1.0,,1.0,1.0,,1.0,,1.13428,A,0.22012,E,1.06118,B,0.081
10,10_3,7,4,ドナソレイ,12.93,38.6,0.553,E,62.0,1.0,0.97262,,1.013,0.652,E,1.0,0.861,E,1.0,1.0,,1.0,,1.0,,1.0,,1.12568,A,0.553
10,10_3,7,5,カッサンドラ,0.42,1.26,0.049,E,60.0,1.0,0.4691,E,1.013,0.104,E,1.0,1.0,,1.0,1.0,,1.0,,1.0,,1.00037,,0.42601,E,0.049
10,10_3,7,6,アッチョンブリケ,0.63,1.88,0.16,E,53.0,1.0,0.44666,E,1.013,0.695,E,1.0,0.998,,1.0,1.0,,1.0,,1.0,,0.50868,E,0.22178,E,0.16
10,10_3,7,7,エコロレバン,8.02,23.93,0.315,E,77.0,1.0,0.4451,E,1.013,0.804,E,1.0,0.909,D,1.0,1.0,,1.0,,1.0,,0.95542,D,0.98709,,0.315
10,10_3,7,8,アンセートゥモダン,6.87,20.5,0.791,E,52.0,1.0,0.98594,,1.013,0.733,E,0.9,1.0,D,1.0,1.0,,1.0,,1.0,,1.19994,S,0.49852,E,0.791
10,10_3,7,9,アクアマイスター,0.51,1.52,0.018,E,78.0,1.0,1.04352,D,1.013,0.036,E,1.0,0.935,D,1.0,1.0,,1.0,,1.0,,0.50613,E,1.08645,B,0.018
10,10_3,7,10,ミルトハッピー,1.27,3.8,0.156,E,50.0,1.0,0.39413,E,1.013,0.743,E,0.957,1.0,D,1.0,1.0,,1.0,,1.0,,0.55067,E,0.48588,E,0.156
10,10_3,7,11,スマートイデアル,8.07,24.1,0.324,E,65.0,1.0,0.46042,E,1.013,0.626,E,1.0,1.0,,1.0,1.0,,1.0,,0.98049,,1.13322,A,1.14233,A,0.324
10,10_3,7,12,サウンドジュテ,0.88,2.63,0.026,E,72.0,1.0,0.53549,E,1.013,0.036,E,1.0,1.032,,1.0,1.0,,1.0,,1.28619,SS,0.98534,,1.43789,SS,0.026
10,10_3,7,13,クインズボタン,0.24,0.73,0.175,E,36.0,1.0,0.20408,E,1.013,0.741,E,1.0,1.0,,1.0,1.0,,1.0,,1.0,,1.14423,A,0.11601,E,0.175
10,10_3,7,14,コウユーネロガ,9.86,29.43,0.38,E,64.0,1.0,0.46847,E,1.013,0.756,E,1.0,0.875,D,1.0,1.0,,1.0,,1.0,,1.20923,S,1.21087,S,0.38
10,10_6,15,1,ゴールデンボブ,1.66,17.99,0.246,E,71.6,1.07328,1.08431,B,0.985,1.0,,1.0,1.0,,1.0,1.0,,1.0,,1.04453,D,0.20552,E,1.02041,,0.246
10,10_6,15,2,ダディーズソード,0.8,8.68,1.063,B,71.6,1.0541,1.04241,D,0.985,1.0,,1.0,1.0,,1.0,1.0,,1.0,,1.0,,0.98231,,0.11388,E,1.063
10,10_6,15,3,リアル,4.05,43.82,0.575,E,71.6,1.1443,1.06612,B,0.985,1.0,,1.0,1.0,,1.0,1.0,,1.0,,0.98659,,0.485,E,1.06364,B,0.575
10,10_6,15,4,ウィスピア,0.87,9.38,0.318,E,71.6,1.15405,0.46777,E,0.985,1.0,,1.0,1.0,,1.0,1.0,,1.0,,1.16406,S,0.51456,E,0.411,E,0.318
10,10_6,15,5,キヨタリート,10.6,114.58,1.427,SS,71.6,1.16624,1.03784,,0.985,1.0,,1.0,1.0,,1.0,1.0,,1.0,,1.06588,B,1.12324,A,1.12035,A,1.427
10,10_6,15,6,ニホンピロロジャー,0.85,9.16,0.499,E,71.6,1.0716,1.08435,B,0.985,1.0,,1.0,1.0,,1.0,1.0,,1.0,,0.81307,E,0.53584,E,0.25641,E,0.499
10,10_6,15,7,トゥルージョワ,8.75,94.56,1.143,A,71.6,1.14207,1.02903,,0.985,1.0,,1.0,1.0,,1.0,1.0,,1.0,,1.02808,,0.96033,,1.15476,A,1.143
10,10_6,15,8,ルージュアイラ,9.4,101.65,1.08,B,71.6,1.08194,1.03385,,0.985,1.0,,1.0,1.0,,1.0,1.0,,1.0,,0.97996,,1.0,,1.31389,SS,1.08
10,10_6,15,9,トゥルパーニ,5.8,62.74,0.726,E,71.6,1.18449,0.4604,E,0.985,1.0,,1.0,1.0,,1.0,1.0,,1.0,,1.09032,B,1.23938,S,1.20632,S,0.726
10,10_6,15,10,ヴィスメンティス,6.87,74.25,0.874,D,71.6,1.10903,1.00004,,0.985,1.0,,1.0,1.0,,1.0,1.0,,1.0,,0.94364,D,0.84766,E,1.18595,S,0.874
10,10_6,15,11,ブルーアンビエンス,6.75,72.96,0.973,,71.6,1.03891,1.05802,B,0.985,1.0,,1.0,1.0,,1.0,1.0,,1.0,,0.89146,D,1.00787,,1.04676,D,0.973
10,10_6,15,12,スクランプシャス,7.62,82.35,1.005,,71.6,1.10792,1.05444,B,0.985,1.0,,1.0,1.0,,1.0,1.0,,1.0,,0.98657,,0.88486,D,1.14416,A,1.005
10,10_6,15,13,チェナ,9.78,105.75,1.34,SS,71.6,1.13592,1.06109,B,0.985,1.0,,1.0,1.0,,1.0,1.0,,1.0,,1.01604,,1.11103,A,1.10125,A,1.34
10,10_6,15,14,グリミスティ,2.42,26.17,0.691,E,71.6,1.06304,1.10926,A,0.985,1.0,,1.0,1.0,,1.0,1.0,,1.0,,1.07075,B,0.55541,E,0.52872,E,0.691
10,10_6,15,15,ウォータールスール,7.25,78.41,1.153,A,71.6,1.05952,1.02773,,0.985,1.0,,1.0,1.0,,1.0,1.0,,1.0,,1.0,,1.07509,B,0.94896,D,1.153
10,10_6,15,17,ロージーキャンドル,8.11,87.72,1.124,A,71.6,1.10562,1.02102,,0.985,1.0,,1.0,1.0,,1.0,1.0,,1.0,,0.98465,,1.02687,,1.08894,B,1.124
10,10_6,15,18,ボンドマティーニ,8.42,91.05,1.156,A,71.6,1.04264,1.09649,B,0.985,1.0,,1.0,1.0,,1.0,1.0,,1.0,,0.84853,E,1.20993,S,1.09909,B,1.156
10,10_7,23,1,ディスパラール,1.6,5.8,0.06,E,88.0,1.0,0.45605,E,1.019,0.104,E,1.0,1.0,,1.0,1.0,,1.0,,1.08805,B,1.13302,A,1.10863,A,0.06
10,10_7,23,2,マイネルボス,5.42,19.66,0.718,E,59.0,1.0,1.02413,,1.019,0.818,E,1.0,1.0,,1.0,1.0,,1.0,,0.86772,E,0.96901,,0.46419,E,0.718
10,10_7,23,3,ニホンピロゴルディ,10.78,39.13,0.85,E,91.0,1.0,0.99612,,1.019,0.771,E,1.0,1.0,,1.0,1.0,,1.0,,1.10755,A,0.98101,,0.50554,E,0.85
10,10_7,23,4,シマサンブラック,3.13,11.36,0.111,E,79.0,1.0,0.4158,E,1.019,0.756,E,1.0,0.875,D,1.0,1.0,,1.0,,1.01366,,0.38939,E,1.29951,SS,0.111
10,10_7,23,5,ウインリュクス,1.12,4.06,0.086,E,96.0,1.0,0.43466,E,1.019,0.862,E,1.0,1.0,,1.0,1.0,,1.0,,0.98136,,0.23009,E,0.49077,E,0.086
10,10_7,23,6,サラコスティ,4.29,15.56,0.154,E,78.0,1.0,0.18778,E,1.019,0.669,E,1.0,1.0,,1.0,1.0,,1.0,,1.06888,B,1.12302,A,1.29768,SS,0.154
10,10_7,23,7,アスクデッドヒート,3.17,11.49,0.117,E,89.0,1.0,1.01337,,1.019,0.104,E,1.0,1.0,,1.0,1.0,,1.0,,1.01981,,1.06937,B,1.10437,A,0.117
10,10_7,23,8,オーサムユニバンス,8.49,30.81,0.854,E,86.0,1.0,1.04792,D,1.019,0.839,E,1.0,1.0,,1.0,1.0,,1.0,,0.97775,,0.97529,,0.41925,E,0.854
10,10_7,23,9,ゲンジ,4.03,14.62,0.119,E,90.0,1.0,1.1178,A,1.019,0.104,E,1.0,1.0,,1.0,1.0,,1.0,,1.00328,,1.0,,1.36899,SS,0.119
10,10_7,23,10,ポテチ,13.21,47.95,0.954,D,45.0,1.0,1.01071,,1.019,0.729,E,0.88,1.0,D,1.0,1.0,,1.0,,1.08835,B,1.3267,SS,1.1172,A,0.954
10,10_7,23,11,ゴールドジェスター,18.61,67.53,0.738,E,91.0,1.0,0.89547,D,1.019,0.725,E,1.0,1.0,,1.0,1.0,,1.0,,1.02173,,1.09244,B,1.00459,,0.738
10,10_7,23,12,ローレルオーブ,22.36,81.17,0.94,D,84.0,1.0,1.17226,S,1.019,0.833,E,1.0,1.0,,1.0,1.0,,1.0,,1.0,,0.94438,D,1.02859,,0.94
10,10_7,23,13,ペリプルス,0.2,0.71,0.361,E,74.0,1.0,1.02807,,1.019,0.691,E,1.0,1.0,,1.0,1.0,,1.0,,1.09322,B,0.45659,E,0.02651,E,0.361
10,10_7,23,14,ヘルツアス,0.72,2.62,0.053,E,91.0,1.0,0.44076,E,1.019,0.104,E,1.0,1.0,,1.0,1.0,,1.0,,1.00442,,1.12337,A,0.54797,E,0.053
10,10_7,23,15,スズカミエール,2.88,10.47,0.365,E,83.0,1.0,0.44086,E,1.019,0.849,E,1.0,1.0,,1.0,1.0,,1.0,,1.03379,,0.92474,D,0.34618,E,0.365
10,10_8,23,1,ベイラム,15.5,32.49,0.367,E,74.0,1.0,0.41942,E,1.019,0.75,E,1.0,1.0,,1.0,1.0,,1.0,,1.0,,1.14438,A,1.19627,S,0.367
10,10_8,23,2,イエローブリック,28.54,59.83,0.753,E,74.0,1.0,0.92551,D,1.019,0.688,E,1.0,1.0,,1.0,1.0,,1.0,,1.1557,A,1.00411,,1.07418,B,0.753
10,10_8,23,3,モヴレクス,17.49,36.68,1.095,B,65.0,1.0,0.97291,,1.019,1.0,,1.0,1.0,,1.0,1.0,,1.0,,0.99406,,1.11108,A,0.5153,E,1.095
10,10_8,23,4,シドニーホバート,4.43,9.28,0.14,E,67.0,1.0,0.92148,D,1.019,0.688,E,1.0,1.0,,1.0,1.0,,1.0,,0.4984,E,0.43482,E,0.98927,,0.14
10,10_8,23,5,ニヒトツーゼーア,2.59,5.42,0.066,E,77.0,1.0,0.39278,E,1.019,0.756,E,0.95,1.0,D,1.0,1.0,,1.0,,0.46938,E,0.49175,E,1.06082,B,0.066
10,10_8,23,6,ブルーストレイル,15.31,32.09,0.382,E,73.0,1.0,0.44508,E,1.019,0.803,E,1.0,0.957,D,1.0,1.0,,1.0,,1.08438,B,1.0107,,1.15006,A,0.382
10,10_8,23,7,プルーヴンウィナー,16.15,33.87,0.443,E,68.0,1.0,0.99662,,1.019,0.733,E,1.0,1.0,,1.0,1.0,,1.0,,1.09081,B,0.54613,E,1.12242,A,0.443
10,10_9,23,1,ジュジュドール,1.04,6.01,0.051,E,77.0,1.0,1.23128,S,1.019,0.104,E,1.0,1.0,,1.0,1.0,,1.0,,0.36958,E,1.05907,B,1.53075,SS,0.051
10,10_9,23,2,オンザマーチ,4.58,26.47,0.299,E,80.0,1.0,0.5672,E,1.019,1.057,B,1.0,1.0,,1.0,1.0,,1.0,,1.0,,0.48991,E,1.10505,A,0.299
10,10_9,23,3,アングレ,13.14,75.87,0.967,,78.4,1.0,0.93362,D,1.019,1.0,,1.0,1.0,,1.0,1.0,,1.0,,1.01668,,1.0,,1.0,,0.967
10,10_9,23,4,フェブリノ,0.91,5.23,0.156,E,80.0,1.0,1.06845,B,1.019,0.104,E,1.0,1.0,,1.0,1.0,,1.0,,1.18668,S,1.1606,S,0.42007,E,0.156
10,10_9,23,5,カイショー,19.29,111.35,0.999,,87.2,1.0,1.16098,S,1.019,0.853,E,1.0,1.0,,1.0,1.0,,1.0,,0.93347,D,1.06102,B,1.27794,SS,0.999
10,10_9,23,6,ドルチェミスト,6.94,40.07,0.41,E,86.0,1.0,0.49079,E,1.019,0.754,E,1.0,1.0,,1.0,1.0,,1.0,,1.09696,B,0.991,,1.13612,A,0.41
10,10_9,23,7,ワイドシュテルケ,24.39,140.81,1.549,SS,82.0,1.0,1.22212,S,1.019,0.868,E,1.0,1.0,,1.0,1.0,,1.0,,1.0,,1.43261,SS,1.10849,A,1.549
10,10_9,23,8,アンジュプロミス,9.97,57.56,0.605,E,88.0,1.0,1.30244,SS,1.019,0.972,,1.0,1.0,,1.0,1.0,,1.0,,0.98179,,0.47761,E,1.08186,B,0.605
10,10_9,23,9,トップアタック,1.01,5.81,0.28,E,87.0,1.0,1.22444,S,1.019,0.416,E,1.0,1.0,,1.0,1.0,,1.0,,1.02641,,0.52564,E,0.23869,E,0.28
10,10_9,23,10,ヘイルメリーラン,3.11,17.94,0.87,D,78.4,1.0,0.84259,E,1.019,1.0,,1.0,1.0,,1.0,1.0,,1.0,,1.0,,1.01331,,0.2629,E,0.87
10,10_9,23,11,クリエープキー,0.78,4.52,0.118,E,85.0,1.0,1.1887,S,1.019,0.104,E,1.0,1.0,,1.0,1.0,,1.0,,0.90012,D,1.03714,,0.45243,E,0.118
10,10_9,23,12,ルージュサウダージ,14.85,85.72,0.996,,81.0,1.0,1.22309,S,1.019,0.838,E,1.0,1.0,,1.0,1.0,,1.0,,1.0,,0.95381,D,1.06235,B,0.996
10,10_10,43,1,パープルクラウド,3.54,8.21,0.124,E,73.0,1.0,1.08946,B,1.008,0.104,E,1.0,1.0,,1.0,1.0,,1.0,,1.09369,B,0.99408,,0.90687,D,0.124
10,10_10,43,2,カエルム,4.09,9.48,0.115,E,78.0,1.0,1.03963,,1.008,0.104,E,1.0,1.0,,1.0,1.0,,1.0,,1.05371,B,1.00427,,1.05578,B,0.115
10,10_10,43,3,ウインマイルート,20.08,46.57,0.485,E,96.0,1.0,0.51038,E,1.008,0.973,,1.0,1.0,,1.0,1.0,,1.0,,1.1657,S,0.83118,E,0.9999,,0.485
10,10_10,43,4,キングスコール,30.93,71.72,0.601,E,109.0,1.0,0.46191,E,1.008,1.0,,1.0,1.0,,1.0,1.0,,1.0,,1.04086,D,1.24084,S,1.09422,B,0.601
10,10_10,43,5,バーケンヘッド,3.15,7.3,0.087,E,93.0,1.0,1.05051,B,1.008,0.75,E,1.0,1.0,,1.0,1.0,,1.0,,1.0,,0.10968,E,0.90132,D,0.087
10,10_10,43,6,サラトガチップス,0.93,2.16,0.022,E,92.0,1.0,0.22036,E,1.008,0.104,E,1.0,1.0,,1.0,1.0,,1.0,,0.95307,D,0.99313,,1.07653,B,0.022
10,10_10,43,7,ヴァイザーバルコ,7.15,16.58,0.824,E,96.0,1.0,0.98911,,1.008,0.772,E,1.0,1.0,,1.0,1.0,,1.0,,1.13156,A,0.94661,D,0.20936,E,0.824
10,10_10,43,8,ブリヤディアマンテ,6.89,15.98,0.154,E,80.0,1.0,1.01286,,1.008,0.104,E,1.0,1.0,,1.0,1.0,,1.0,,1.223,S,1.18251,S,1.30255,SS,0.154
10,10_10,43,9,ショウナンガチ,23.25,53.91,0.573,E,108.0,1.0,0.51962,E,1.008,1.0,,1.0,1.0,,1.0,1.0,,1.0,,1.06306,B,1.02839,,0.87177,D,0.573
10,10_11,163,1,テレサ,4.19,20.95,0.172,E,93.0,1.0,0.48317,E,0.995,0.756,E,1.0,1.0,,0.951,0.926,D,1.0,,1.0,,0.53743,E,1.30931,SS,0.172
10,10_11,163,2,ブラウンラチェット,0.05,0.23,0.025,E,21.0,1.0,0.2012,E,0.995,0.703,E,1.0,1.0,,0.892,0.881,E,1.0,,1.01408,,0.22032,E,0.44775,E,0.025
10,10_11,163,3,フレミングフープ,2.29,11.48,0.116,E,95.0,1.0,1.16579,S,0.995,0.203,E,1.0,1.0,,0.884,0.891,E,1.0,,1.03113,,0.60771,E,1.04043,D,0.116
10,10_11,163,4,クリノメイ,21.36,106.83,0.977,,90.0,1.0,1.05453,B,0.995,0.829,E,1.0,1.0,,0.994,0.966,,1.0,,0.99835,,1.17134,S,1.21513,S,0.977
10,10_11,163,5,アレナリア,0.4,2.0,0.02,E,89.0,1.0,0.51588,E,0.995,0.104,E,1.0,1.0,,1.052,0.366,E,1.0,,1.02137,,0.96634,,1.10856,A,0.02
10,10_11,163,6,フィールシンパシー,7.05,35.27,0.335,E,97.0,1.0,0.56831,E,0.995,0.973,,1.0,1.0,,1.016,0.961,,1.0,,0.51333,E,1.21612,S,1.08368,B,0.335
10,10_11,163,7,インヴォーグ,2.65,13.24,0.117,E,92.0,1.0,1.1732,S,0.995,0.417,E,1.0,1.0,,1.133,0.397,E,1.0,,0.99467,,0.53583,E,1.23588,S,0.117
10,10_11,163,8,ココナッツブラウン,1.3,6.49,0.061,E,115.0,1.0,0.48155,E,0.995,0.104,E,1.0,1.0,,0.979,1.002,,1.0,,1.07758,B,1.1655,S,0.92107,D,0.061
10,10_11,163,9,パレハ,8.41,42.07,0.902,D,95.0,1.0,1.15233,A,0.995,0.848,E,1.0,1.0,,1.011,1.004,,1.0,,0.96601,,0.94578,D,0.49086,E,0.902
10,10_11,163,10,タクシンイメル,0.49,2.43,0.064,E,83.0,1.0,0.43204,E,0.995,1.0,,0.886,1.0,D,0.89,0.784,E,1.0,,0.9542,D,0.25391,E,0.45574,E,0.064
10,10_11,163,11,エリカヴィータ,1.49,7.44,0.095,E,89.0,1.0,0.49915,E,0.995,0.85,E,1.0,1.0,,1.059,0.899,D,1.0,,1.01115,,0.23257,E,0.88451,D,0.095
10,10_11,163,12,アンリーロード,1.12,5.6,0.7,E,86.0,1.0,1.09966,B,0.995,0.842,E,1.0,1.0,,0.912,0.897,E,1.0,,0.96202,,0.96492,,0.09305,E,0.7
10,10_11,163,13,ウインエーデル,9.11,45.55,0.339,E,106.0,1.0,1.15167,A,0.995,0.823,E,1.0,1.0,,0.952,0.936,D,1.0,,0.99717,,0.40508,E,1.2649,SS,0.339
10,10_11,163,14,クリスマスパレード,20.4,102.05,1.023,,93.0,1.0,1.16038,S,0.995,0.843,E,1.0,1.0,,1.054,1.093,A,1.0,,1.00455,,0.90861,D,1.07209,B,1.023
10,10_11,163,15,レディーヴァリュー,0.53,2.64,0.054,E,101.0,1.0,0.54448,E,0.995,0.104,E,1.0,1.0,,0.948,0.954,D,1.0,,1.01063,,1.04136,D,0.48883,E,0.054
10,10_11,163,16,ボンドガール,15.3,76.56,0.837,E,96.0,1.0,1.14121,A,0.995,0.871,D,1.0,1.0,,1.011,1.036,D,1.0,,1.03184,,0.78337,E,0.95245,D,0.837
10,10_11,163,17,ジョスラン,3.85,19.28,0.158,E,103.0,1.0,0.19847,E,0.995,0.857,E,1.0,1.0,,1.022,0.981,,1.0,,0.99781,,0.93271,D,1.18491,S,0.158
10,10_11,163,18,パルクリチュード,0.03,0.14,0.004,E,97.0,1.0,0.47157,E,0.995,0.036,E,1.0,1.074,B,1.093,0.39,E,1.0,,1.0,,0.4771,E,0.40025,E,0.004
10,10_12,23,1,ウィズマスタング,0.47,1.78,0.026,E,76.0,1.0,1.02341,,1.019,0.104,E,1.0,1.0,,1.0,1.0,,1.0,,0.47929,E,0.49399,E,0.91234,D,0.026
10,10_12,23,2,タイキジパング,2.18,8.17,0.096,E,82.2,1.0,0.91794,D,1.019,1.0,,1.0,1.0,,1.0,1.0,,1.0,,0.9475,D,0.1085,E,1.03398,,0.096
10,10_12,23,3,ミッションルース,2.9,10.88,0.197,E,61.0,1.0,0.42393,E,1.019,0.58,E,0.92,1.0,D,1.0,1.0,,1.0,,0.9103,D,0.93988,D,0.90375,D,0.197
10,10_12,23,4,スマイルディシー,2.75,10.3,0.111,E,78.0,1.0,1.05671,B,1.019,0.399,E,1.0,1.012,,1.0,1.0,,1.0,,1.01004,,0.25253,E,1.19064,S,0.111
10,10_12,23,5,グレイスフルマーチ,0.88,3.31,0.035,E,76.0,1.0,0.94758,D,1.019,0.036,E,1.0,0.934,D,1.0,1.0,,1.0,,1.07937,B,1.0,,1.24895,S,0.035
10,10_12,23,6,ホウオウバローロ,0.89,3.32,0.187,E,81.0,1.0,1.17919,S,1.019,1.414,SS,1.0,1.074,B,1.0,1.0,,1.0,,1.0195,,0.10041,E,0.21906,E,0.187
10,10_12,23,7,アイファーファイト,0.06,0.22,0.059,E,63.0,1.0,0.17205,E,1.019,0.743,E,1.0,1.0,,1.0,1.0,,1.0,,0.45269,E,1.0,,0.05959,E,0.059
10,10_12,23,8,ラマンシュ,0.07,0.25,0.003,E,79.0,1.0,0.42282,E,1.019,0.036,E,1.0,1.0,,1.0,1.0,,1.0,,0.43791,E,0.44445,E,1.06782,B,0.003
10,10_12,23,9,ロードヴォイジャー,41.36,155.04,1.759,SS,87.0,1.0,1.16715,S,1.019,1.304,SS,1.0,1.0,,1.0,1.0,,1.0,,1.05447,B,1.07565,B,1.0129,,1.759
10,10_12,23,10,ユイノコキュウ,0.25,0.93,0.017,E,55.0,1.0,0.95979,D,1.019,0.036,E,1.0,0.442,E,1.0,1.0,,1.0,,1.05753,B,1.04831,D,0.9884,,0.017
10,10_12,23,11,ブレイジングスター,19.17,71.88,0.942,D,74.0,1.0,0.94613,D,1.019,0.702,E,1.0,1.0,,1.0,1.0,,1.0,,1.36385,SS,1.02055,,1.03079,,0.942
10,10_12,23,12,オレノアイバ,0.59,2.23,0.159,E,63.0,1.0,0.9919,,1.019,0.544,E,1.0,1.0,,1.0,1.0,,1.0,,1.14459,A,0.25239,E,0.22234,E,0.159
10,10_12,23,13,ゴッドヴァレー,1.95,7.31,0.114,E,64.0,1.0,1.0741,B,1.019,0.104,E,1.0,1.0,,1.0,1.0,,1.0,,0.96131,,1.04319,D,1.00139,,0.114
10,10_12,23,14,ウォーターパラディ,20.55,77.04,0.902,D,84.0,1.0,1.06832,B,1.019,0.784,E,1.0,1.0,,1.0,1.0,,1.0,,1.0,,1.05708,B,1.01605,,0.902
10,10_12,23,15,ジーティーアメリカ,5.92,22.21,0.279,E,84.0,1.0,0.4383,E,1.019,0.743,E,0.928,1.0,D,1.0,1.0,,1.0,,1.0,,0.90707,D,0.94674,D,0.279
6,06_1,7,1,シセイヒナタ,5.88,30.29,0.455,E,52.0,0.45769,1.06316,B,1.013,1.0,,1.0,1.0,,0.982,1.0,,1.0,,1.01109,,0.92962,D,1.27989,SS,0.455
6,06_1,7,2,アドミ,0.91,4.7,0.051,E,76.0,1.0,1.23264,S,1.013,0.036,E,1.0,1.0,,1.134,1.0,A,1.0,,1.0,,0.99287,,1.2257,S,0.051
6,06_1,7,3,ビアーレ,14.53,74.9,0.935,D,66.0,1.0,1.08089,B,1.013,0.84,E,1.0,1.0,,0.986,1.0,,1.0,,1.0,,1.03129,,1.21396,S,0.935
6,06_1,7,4,ジョイアミーア,7.81,40.27,0.499,E,75.0,1.0,1.22133,S,1.013,0.785,E,0.475,1.0,E,0.988,1.0,,1.0,,0.95556,D,1.1461,A,1.07613,B,0.499
6,06_1,7,5,スカット,3.36,17.32,0.513,E,68.0,1.0,1.16816,S,1.013,0.4,E,1.0,0.97,,1.045,1.0,D,1.0,,1.0,,1.06904,B,0.49698,E,0.513
6,06_1,7,6,アイアンブランド,3.13,16.12,0.788,E,87.0,1.0,1.1808,S,1.013,0.688,E,1.0,1.0,,0.92,1.0,D,1.0,,0.98487,,1.05745,B,0.23493,E,0.788
6,06_1,7,7,イヌボウノキラメキ,12.18,62.78,0.668,E,63.0,1.0,1.03959,,1.013,0.666,E,0.948,1.0,D,0.92,1.0,D,1.0,,1.10076,A,0.99204,,1.4931,SS,0.668
6,06_1,7,8,ワンダーバリエンス,0.69,3.58,0.148,E,31.0,1.0,0.44554,E,1.013,0.684,E,1.0,1.0,,0.951,1.0,D,1.0,,1.0,,0.5042,E,0.78062,E,0.148
6,06_1,7,9,ローズオブジャパン,6.24,32.19,0.995,,70.0,1.0,0.99949,,1.013,0.824,E,1.0,1.0,,0.979,1.0,,1.0,,1.10339,A,1.10446,A,0.46173,E,0.995
6,06_1,7,10,オニノウタゲ,0.68,3.51,0.053,E,58.0,1.0,1.06426,B,1.013,0.104,E,1.0,1.0,,0.986,1.0,,1.0,,1.0,,0.47542,E,1.15252,A,0.053
6,06_1,7,11,トコシエノヒトミ,0.25,1.3,0.019,E,73.0,1.0,1.12439,A,1.013,0.036,E,0.992,1.0,,1.045,1.0,D,1.0,,1.0,,0.44501,E,0.94353,D,0.019
6,06_1,7,12,ジュニアスウィート,0.63,3.27,0.042,E,67.0,1.0,1.16421,S,1.013,0.036,E,1.0,0.896,D,0.988,1.0,,1.0,,1.0904,B,1.02419,,1.16681,S,0.042
6,06_1,7,13,マジョリカ,0.0,0.02,0.015,E,1.0,1.0,0.47368,E,1.013,0.036,E,1.0,0.852,E,0.912,1.0,D,1.0,,1.06504,B,1.08255,B,1.15647,A,0.015
6,06_1,7,14,タヤスロレンヌ,16.46,84.87,0.991,,66.0,1.0,1.14751,A,1.013,0.757,E,1.0,1.0,,0.988,1.0,,1.0,,1.0,,1.14025,A,1.29657,SS,0.991
6,06_1,7,15,マイニオサラスタス,1.01,5.2,0.231,E,52.0,1.0,1.13692,A,1.013,1.0,,1.0,0.867,E,0.961,1.0,,1.0,,1.03074,,0.23388,E,0.43215,E,0.231
6,06_1,7,16,ムーンブランシュ,26.23,135.23,1.752,SS,81.0,1.0,1.19795,S,1.013,1.0,,1.061,1.0,B,1.088,1.0,B,1.0,,1.26137,SS,0.99171,,0.95201,D,1.752
6,06_2,7,1,ビップマリク,2.33,14.83,0.515,E,60.0,1.0,1.19703,S,1.013,0.409,E,1.0,1.0,,1.0,1.0,,1.0,,1.0,,1.03876,,0.48001,E,0.515
6,06_2,7,2,シデンイッセン,14.84,94.42,1.187,S,69.0,1.0,1.13094,A,1.013,1.0,,1.0,1.0,,1.0,1.0,,1.0,,1.02848,,1.0074,,1.15277,A,1.187
6,06_2,7,3,アイデアユー,17.56,111.76,1.493,SS,71.0,1.0,1.15821,A,1.013,1.0,,1.0,1.074,B,1.0,1.0,,1.0,,1.14427,A,1.03514,,1.0545,B,1.493
6,06_2,7,4,スノースコール,13.91,88.53,0.91,D,69.0,1.0,1.05946,B,1.013,0.852,E,1.0,1.032,,1.0,1.0,,1.0,,1.0,,0.96409,,1.4095,SS,0.91
6,06_2,7,5,クラージュスター,8.92,56.74,0.974,,53.0,1.0,1.16253,S,1.013,0.833,E,1.0,1.0,,1.0,1.0,,1.0,,1.0,,0.9927,,1.09968,B,0.974
6,06_2,7,6,ハルノアメ,1.14,7.27,0.228,E,69.0,1.0,1.19199,S,1.013,0.838,E,1.0,1.0,,1.0,1.0,,1.0,,1.0081,,0.22306,E,0.46328,E,0.228
6,06_2,7,7,クアッドフォルツァ,1.72,10.92,0.16,E,61.0,1.0,0.95201,D,1.013,0.649,E,1.0,0.932,D,1.0,1.0,,1.0,,1.0,,0.27424,E,1.11848,A,0.16
6,06_2,7,8,コンヴァーンクル,11.45,72.89,1.299,SS,50.0,1.0,1.08281,B,1.013,1.0,,1.0,1.0,,1.0,1.0,,1.0,,1.09219,B,1.08441,B,1.12206,A,1.299
6,06_2,7,9,ハロングロットル,0.15,0.97,0.143,E,64.0,1.0,1.25518,SS,1.013,1.0,,1.0,1.0,,1.0,1.0,,1.0,,1.0,,0.11251,E,0.1064,E,0.143
6,06_2,7,10,ハイランダー,4.47,28.45,0.4,E,52.0,1.0,0.99812,,1.013,0.643,E,1.0,1.0,,1.0,1.0,,1.0,,1.23514,S,0.49796,E,1.36726,SS,0.4
6,06_2,7,11,クリュメノス,1.51,9.64,0.202,E,48.0,1.0,0.96651,,1.013,0.196,E,1.0,1.0,,1.0,1.0,,1.0,,1.08339,B,0.96999,,0.99411,,0.202
6,06_2,7,12,ニシノモリミチ,4.4,28.01,0.438,E,70.4,1.0,1.13664,A,1.013,0.396,E,1.0,0.911,D,1.0,1.0,,1.0,,1.0,,1.05333,B,0.90928,D,0.438
6,06_2,7,13,イントゥゴールデン,0.5,3.21,0.297,E,21.0,1.0,0.44514,E,1.013,0.621,E,1.0,1.0,,1.0,1.0,,1.0,,1.0,,1.06019,B,0.51451,E,0.297
6,06_2,7,14,コパノエイダン,3.16,20.13,1.177,S,68.2,1.0,1.14183,A,1.013,1.0,,1.0,1.0,,1.0,1.0,,1.0,,1.00524,,1.01247,,0.25053,E,1.177
6,06_2,7,15,ハリウッドグラム,9.78,62.26,0.956,D,60.0,1.0,1.00691,,1.013,0.756,E,1.0,1.0,,1.0,1.0,,1.0,,1.07155,B,1.15704,A,1.08508,B,0.956
6,06_2,7,16,ビックリパラダイス,4.15,26.4,0.39,E,58.0,1.0,0.99641,,1.013,1.0,,0.906,1.0,D,1.0,1.0,,1.0,,0.9853,,0.43306,E,1.16711,S,0.39
6,06_3,15,1,ハクサンマンゲツ,0.42,5.53,0.143,E,79.2,1.02591,1.12329,A,0.985,1.0,,1.0,1.0,,1.0,1.0,,1.0,,1.03494,,0.1214,E,0.48943,E,0.143
6,06_3,15,2,トウカイレオ,3.29,42.78,1.128,A,79.2,1.01042,1.13084,A,0.985,1.0,,1.0,1.0,,1.0,1.0,,1.0,,0.95556,D,1.04927,D,0.47838,E,1.128
6,06_3,15,3,ショービット,5.93,77.2,1.093,B,79.2,1.0551,1.00322,,0.985,1.0,,1.0,1.0,,1.0,1.0,,1.0,,1.0,,1.04853,D,0.89101,D,1.093
6,06_3,15,4,ミヤザキムスメ,3.87,50.34,0.556,E,79.2,1.11562,1.02944,,0.985,1.0,,1.0,1.0,,1.0,1.0,,1.0,,1.0,,0.49131,E,1.14279,A,0.556
6,06_3,15,5,ピグマリオン,7.83,101.92,1.16,S,79.2,1.09041,1.0404,D,0.985,1.0,,1.0,1.0,,1.0,1.0,,1.0,,0.98691,,1.05221,B,1.10828,A,1.16
6,06_3,15,6,ターフクリスタル,4.26,55.49,1.254,SS,79.2,1.07863,1.04528,D,0.985,1.0,,1.0,1.0,,1.0,1.0,,1.0,,1.0,,1.12932,A,0.55831,E,1.254
6,06_3,15,7,ペルシアーノ,7.91,102.96,1.21,S,79.2,1.05998,1.02142,,0.985,1.0,,1.0,1.0,,1.0,1.0,,1.0,,1.0,,1.13431,A,1.07394,B,1.21
6,06_3,15,8,コリアンダーアイ,0.04,0.48,0.024,E,79.2,0.44168,1.02916,,0.985,1.0,,1.0,1.0,,1.0,1.0,,1.0,,0.47697,E,0.1127,E,0.25175,E,0.024
6,06_3,15,9,ベラケンタウロス,6.9,89.76,1.08,B,79.2,1.07069,1.04456,D,0.985,1.0,,1.0,1.0,,1.0,1.0,,1.0,,1.0,,0.98051,,1.04855,D,1.08
6,06_3,15,10,デルマアソ,3.03,39.37,0.436,E,79.2,0.46843,1.01469,,0.985,1.0,,1.0,1.0,,1.0,1.0,,1.0,,1.00381,,0.92813,D,1.13877,A,0.436
6,06_3,15,11,マサノピンクレディ,9.27,120.65,1.654,SS,79.2,1.20716,1.00706,,0.985,1.0,,1.0,1.0,,1.0,1.0,,1.0,,1.25477,SS,1.10067,A,0.92052,D,1.654
6,06_3,15,12,サマーゲール,14.07,183.08,1.965,SS,79.2,1.23241,1.1102,A,0.985,1.0,,1.0,1.0,,1.0,1.0,,1.0,,1.25098,SS,1.16533,S,1.17581,S,1.965
6,06_3,15,13,シーシェル,3.06,39.84,1.191,S,79.2,1.08613,1.06444,B,0.985,1.0,,1.0,1.0,,1.0,1.0,,1.0,,1.0,,1.04608,D,0.42203,E,1.191
6,06_3,15,14,リトルコリンズ,9.3,120.99,1.165,S,79.2,1.04929,1.1234,A,0.985,1.0,,1.0,1.0,,1.0,1.0,,1.0,,1.0,,1.00312,,1.31075,SS,1.165
6,06_3,15,15,エビスディアーナ,9.76,127.07,1.326,SS,79.2,1.10777,0.99992,,0.985,1.0,,1.0,1.0,,1.0,1.0,,1.0,,1.05631,B,1.1506,A,1.20913,S,1.326
6,06_3,15,16,ミクロスギガース,11.07,144.01,1.453,SS,79.2,1.16912,0.9608,,0.985,1.0,,1.0,1.0,,1.0,1.0,,1.0,,1.26362,SS,1.0389,,1.251,SS,1.453
6,06_4,7,1,クリムゾンリーフ,9.31,56.2,0.83,E,62.0,1.0,1.0697,B,1.013,0.782,E,1.0,0.931,D,1.0,1.0,,1.0,,1.0,,1.05263,B,1.09184,B,0.83
6,06_4,7,2,サンタピア,1.39,8.39,0.35,E,47.0,1.0,1.05461,B,1.013,0.749,E,1.0,0.861,E,1.0,1.0,,1.0,,1.0,,0.5082,E,0.50941,E,0.35
6,06_4,7,3,テイクオンミー,4.45,26.88,0.697,E,79.8,1.0,0.99569,,1.013,0.832,E,1.0,0.996,,1.0,1.0,,1.0,,0.95631,D,0.87228,D,0.48311,E,0.697
6,06_4,7,4,ジオストラテジー,7.13,43.07,0.829,E,52.0,1.0,1.0442,D,1.013,0.76,E,1.0,0.916,D,1.0,1.0,,1.0,,1.08639,B,1.03622,,0.99867,,0.829
6,06_4,7,5,キョウエイアート,2.77,16.74,0.482,E,32.0,1.0,0.49831,E,1.013,1.0,,0.925,0.932,E,1.0,1.0,,1.0,,1.02115,,1.0839,B,1.08597,B,0.482
6,06_4,7,6,イベリスアマラ,0.45,2.7,0.206,E,52.0,1.0,1.02512,,1.013,0.613,E,0.893,1.0,D,1.0,1.0,,1.0,,0.95476,D,0.37933,E,0.25272,E,0.206
6,06_4,7,7,レディトゥランブル,8.25,49.78,0.938,D,50.0,1.0,1.10816,A,1.013,0.841,E,1.0,1.0,,1.0,1.0,,1.0,,1.0,,0.99347,,1.06085,B,0.938
6,06_4,7,8,カシマライフウ,2.67,16.1,0.449,E,71.0,1.0,1.05694,B,1.013,0.795,E,1.0,1.0,,1.0,1.0,,1.0,,0.47608,E,1.10803,A,0.50474,E,0.449
6,06_4,7,9,モウレツ,0.08,0.47,0.057,E,35.0,1.0,1.09272,B,1.013,1.0,,1.0,0.846,E,1.0,1.0,,1.0,,0.56091,E,0.10885,E,0.23476,E,0.057
6,06_4,7,10,ウインビギニング,8.76,52.9,1.359,SS,83.0,1.0,1.04623,D,1.013,1.092,B,1.0,1.074,B,1.0,1.0,,1.0,,1.06174,B,1.02965,,0.46897,E,1.359
6,06_4,7,11,ファイアリービート,13.74,82.95,0.975,,81.0,1.0,0.9866,,1.013,0.825,E,0.957,1.0,D,1.0,1.0,,1.0,,1.12643,A,1.09646,B,1.05086,B,0.975
6,06_4,7,12,サクセスゴールド,19.43,117.29,1.572,SS,66.0,1.0,1.21565,S,1.013,1.0,,0.993,1.02,,1.0,1.0,,1.0,,1.0,,1.2604,SS,1.13044,A,1.572
6,06_4,7,13,コウソクルリアン,8.06,48.65,0.921,D,55.0,1.0,0.9965,,1.013,0.715,E,1.0,0.998,,1.0,1.0,,1.0,,1.21427,S,1.05245,B,0.96077,,0.921
6,06_4,7,14,エマープ,2.32,14.01,0.977,,71.0,1.0,1.0012,,1.013,0.756,E,1.0,1.0,,1.0,1.0,,1.0,,1.1412,A,1.11695,A,0.20186,E,0.977
6,06_4,7,15,コイオステソーロ,11.19,67.55,0.958,D,70.0,1.0,1.13706,A,1.013,0.778,E,1.0,1.0,,1.0,1.0,,1.0,,1.0,,1.06909,B,1.00734,,0.958
6,06_5,7,1,ベストブラザーズ,6.75,29.97,0.878,D,65.0,1.0,1.16825,S,1.013,0.754,E,1.0,1.0,,1.0,1.0,,1.0,,1.0,,0.98388,,0.52488,E,0.878
6,06_5,7,2,ウィロークリーク,20.9,92.74,1.124,A,80.0,1.0,1.30604,SS,1.013,0.85,E,1.0,1.0,,1.0,1.0,,1.0,,1.0102,,0.98936,,1.03157,,1.124
6,06_5,7,3,ゾネブルーム,3.44,15.25,0.506,E,65.0,1.0,0.97177,,1.013,0.649,E,0.892,0.928,E,1.0,1.0,,1.0,,1.0,,0.95747,D,0.46313,E,0.506
6,06_5,7,4,マイネルヴェーゼン,3.32,14.75,0.466,E,64.0,1.0,1.08098,B,1.013,0.827,E,1.0,1.0,,1.0,1.0,,1.0,,1.0,,0.51499,E,0.49401,E,0.466
6,06_5,7,5,ウェイクフィールド,1.69,7.5,0.133,E,62.0,1.0,1.03605,,1.013,0.104,E,1.0,1.0,,1.0,1.0,,1.0,,1.06074,B,1.15093,A,0.90951,D,0.133
6,06_5,7,6,ラヴィニアパーク,0.27,1.2,0.025,E,53.0,1.0,0.4562,E,1.013,0.104,E,1.0,1.0,,1.0,1.0,,1.0,,1.04829,D,0.49618,E,0.91036,D,0.025
6,06_5,7,7,キンググローリー,7.38,32.74,1.022,,77.0,1.0,1.16287,S,1.013,0.854,E,1.0,1.0,,1.0,1.0,,1.0,,1.0,,1.01631,,0.41582,E,1.022
6,06_5,7,8,モデレートゲイル,4.23,18.76,0.219,E,74.0,1.0,1.05291,B,1.013,0.811,E,1.0,1.0,,1.0,1.0,,1.0,,1.10787,A,0.2286,E,1.15666,A,0.219
6,06_5,7,9,ノーブルスアーク,3.7,16.42,1.205,S,50.0,1.0,1.0554,B,1.013,0.808,E,1.0,1.0,,1.0,1.0,,1.0,,1.02899,,1.35522,SS,0.27254,E,1.205
6,06_5,7,10,フォーチュンローズ,11.26,49.95,0.566,E,74.0,1.0,0.49358,E,1.013,1.0,,1.0,1.0,,1.0,1.0,,1.0,,1.05677,B,1.07029,B,1.19355,S,0.566
6,06_5,7,11,スチールナイト,6.1,27.08,0.809,E,66.0,1.0,0.9872,,1.013,0.756,E,1.0,1.0,,1.0,1.0,,1.0,,1.20629,S,0.88653,D,0.5078,E,0.809
6,06_5,7,12,トーセンマジェスタ,0.56,2.5,0.04,E,60.0,1.0,1.07959,B,1.013,0.756,E,1.0,1.0,,1.0,1.0,,1.0,,1.0,,0.04812,E,1.04778,D,0.04
6,06_5,7,13,エクラドット,0.18,0.79,0.044,E,34.0,1.0,1.14341,A,1.013,0.202,E,1.0,1.0,,1.0,1.0,,1.0,,0.45332,E,0.4105,E,0.53425,E,0.044
6,06_5,7,14,ロイヤルヤマト,0.08,0.35,0.006,E,46.0,1.0,1.15575,A,1.013,0.104,E,1.0,1.0,,1.0,1.0,,1.0,,1.0,,0.05284,E,1.19559,S,0.006
6,06_5,7,15,ファインブライト,9.13,40.53,1.15,A,70.0,1.0,1.11168,A,1.013,0.854,E,1.0,1.0,,1.0,1.0,,1.0,,1.17333,S,1.01951,,0.50318,E,1.15
6,06_5,7,16,レッドリアライズ,2.14,9.5,0.179,E,63.0,1.0,1.07086,B,1.013,0.754,E,1.0,1.0,,1.0,1.0,,1.0,,0.97444,,0.22419,E,0.84367,E,0.179
6,06_5,7,17,ミッキーファルコン,10.06,44.63,0.536,E,67.0,1.0,0.50727,E,1.013,1.18,S,1.0,1.0,,1.0,1.0,,1.0,,1.05222,B,0.83981,E,1.24367,S,0.536
6,06_5,7,18,ベルトラッキ,8.82,39.13,0.622,E,62.0,1.0,1.16795,S,1.013,0.901,D,1.0,1.0,,1.0,1.0,,1.0,,0.5111,E,1.14079,A,1.01555,,0.622
6,06_6,23,1,ニャンタロウ,9.57,88.8,1.04,,79.0,1.0,1.09162,B,1.019,0.834,E,1.0,1.0,,1.0,1.0,,1.0,,1.05643,B,1.06111,B,1.08088,B,1.04
6,06_6,23,2,ロンギングフォユー,4.88,45.33,1.014,,100.0,1.0,1.12617,A,1.019,0.853,E,1.0,1.0,,1.0,1.0,,1.0,,1.0,,1.03575,,0.4471,E,1.014
6,06_6,23,3,ラフレードピエル,8.23,76.39,0.922,D,72.0,1.0,0.98388,,1.019,1.0,,1.0,0.88,D,1.0,1.0,,1.0,,1.0,,1.04464,D,1.15121,A,0.922
6,06_6,23,4,ガンダ,12.95,120.16,1.323,SS,75.0,1.0,1.1957,S,1.019,0.992,,1.0,1.0,,1.0,1.0,,1.0,,1.09425,B,1.00045,,1.21101,S,1.323
6,06_6,23,5,ケントン,8.27,76.77,0.879,D,79.0,1.0,1.03504,,1.019,1.0,,1.0,0.769,E,1.0,1.0,,1.0,,0.99053,,1.09421,B,1.10541,A,0.879
6,06_6,23,6,ショウナンパトス,13.26,123.06,1.141,A,89.0,1.0,1.23559,S,1.019,0.813,E,1.0,1.0,,1.0,1.0,,1.0,,1.0,,1.11514,A,1.21182,S,1.141
6,06_6,23,7,タイセツナヒ,3.6,33.43,1.103,A,64.0,1.0,1.14974,A,1.019,0.786,E,1.034,1.0,,1.0,1.0,,1.0,,1.09192,B,1.06098,B,0.47381,E,1.103
6,06_6,23,8,アジアントレジャー,0.72,6.69,0.46,E,61.0,1.0,1.0466,D,1.019,1.0,,1.0,0.87,D,1.0,1.0,,1.0,,1.11842,A,0.44351,E,0.23834,E,0.46
6,06_6,23,9,リヒトミューレ,5.32,49.35,0.521,E,85.0,1.0,0.50722,E,1.019,1.0,,1.0,0.911,D,1.0,1.0,,1.0,,1.0,,1.10657,A,1.11457,A,0.521
6,06_6,23,10,ユアフェリシティ,5.84,54.16,0.558,E,89.0,1.0,1.18622,S,1.019,0.959,D,1.0,1.0,,1.0,1.0,,1.0,,1.0,,0.48132,E,1.09015,B,0.558
6,06_6,23,11,クラウトロック,13.49,125.18,1.068,B,92.0,1.0,1.09578,B,1.019,0.939,D,1.0,1.0,,1.0,1.0,,1.0,,1.0,,1.01874,,1.27367,SS,1.068
6,06_6,23,12,アースインハマー,13.67,126.88,1.293,SS,74.0,1.0,1.3123,SS,1.019,0.924,D,0.986,1.0,,1.0,1.0,,1.0,,1.07463,B,0.98736,,1.32679,SS,1.293
6,06_6,23,13,セントゴーデンス,0.2,1.81,0.053,E,80.0,1.0,1.27431,SS,1.019,0.036,E,1.0,1.0,,1.0,1.0,,1.0,,1.08144,B,1.05527,B,0.4268,E,0.053
6,06_7,23,1,ホウオウゴールド,11.66,97.85,1.136,A,82.0,1.0,1.18403,S,1.019,0.816,E,1.0,1.0,,1.0,1.0,,1.0,,1.15144,A,1.00237,,1.04976,D,1.136
6,06_7,23,2,ハーモニーソング,5.64,47.36,0.702,E,65.0,1.0,0.88723,D,1.019,0.705,E,1.0,1.0,,1.0,1.0,,1.0,,1.03323,,1.06583,B,1.03778,,0.702
6,06_7,23,3,ブリッツアロング,2.22,18.6,0.83,E,55.0,1.0,0.95962,D,1.019,0.741,E,1.0,1.0,,1.0,1.0,,1.0,,1.11723,A,1.02499,,0.40779,E,0.83
6,06_7,23,4,クインズポラリス,5.9,49.53,0.659,E,77.0,1.0,0.90286,D,1.019,0.666,E,0.955,1.0,D,1.0,1.0,,1.0,,1.07004,B,1.05319,B,0.97577,,0.659
6,06_7,23,5,カーヌスティ,11.42,95.85,0.955,D,82.2,1.0,0.93088,D,1.019,1.0,,1.0,1.0,,1.0,1.0,,1.0,,1.06411,B,0.94619,D,1.22154,S,0.955
6,06_7,23,6,ヴォラーレ,2.6,21.81,1.136,A,82.2,1.0,0.95977,D,1.019,1.0,,1.0,1.0,,1.0,1.0,,1.0,,1.0,,1.16104,S,0.23383,E,1.136
6,06_7,23,7,ショーモッシュ,6.92,58.02,0.78,E,77.0,1.0,0.97696,,1.019,0.761,E,1.0,1.0,,1.0,1.0,,1.0,,1.0,,1.02914,,0.96658,,0.78
6,06_7,23,8,ホーリーブライト,2.39,20.05,0.247,E,87.0,1.0,1.05433,B,1.019,1.0,,1.0,1.0,,1.0,1.0,,1.0,,0.98232,,0.23385,E,0.93362,D,0.247
6,06_7,23,9,ヴィンブルレー,13.97,117.21,1.227,S,84.0,1.0,1.02731,,1.019,1.212,S,1.0,0.924,D,1.0,1.0,,1.0,,1.0,,1.04642,D,1.13711,A,1.227
6,06_7,23,10,エンジェルラダー,3.9,32.72,0.314,E,82.0,1.0,0.3888,E,1.019,0.777,E,1.0,1.0,,1.0,1.0,,1.0,,1.0,,1.01975,,1.27154,SS,0.314
6,06_7,23,11,スマートフランキー,10.92,91.66,0.906,D,82.2,1.0,0.95383,D,1.019,1.0,,1.0,1.0,,1.0,1.0,,1.0,,1.0,,0.93186,D,1.23184,S,0.906
6,06_7,23,12,シスター,2.38,19.99,0.465,E,82.2,1.0,0.96686,,1.019,1.0,,1.0,1.0,,1.0,1.0,,1.0,,1.08094,B,0.437,E,0.52282,E,0.465
6,06_7,23,13,バスターコール,1.25,10.5,0.402,E,65.0,1.0,1.0605,B,1.019,0.819,E,1.0,1.0,,1.0,1.0,,1.0,,1.02231,,0.44382,E,0.40211,E,0.402
6,06_7,23,14,ルーフオブヘヴン,5.99,50.29,0.66,E,80.0,1.0,1.21095,S,1.019,0.402,E,1.0,1.048,D,1.0,1.0,,1.0,,1.17132,S,1.08332,B,0.95334,D,0.66
6,06_7,23,15,ピコレッド,12.31,103.31,1.291,SS,81.0,1.0,1.19424,S,1.019,1.0,,1.0,1.0,,1.0,1.0,,1.0,,1.15952,A,0.91458,D,0.98828,,1.291
6,06_7,23,16,ヴィヴァラリス,0.51,4.28,0.054,E,70.0,1.0,1.05097,B,1.019,0.104,E,1.0,1.0,,1.0,1.0,,1.0,,0.44619,E,1.09007,B,1.13066,A,0.054
6,06_8,23,1,ミヤジテン,6.23,27.22,0.701,E,78.0,1.0,1.0813,B,1.019,0.682,E,1.0,1.0,,0.89,1.0,D,1.0,,1.00053,,1.04784,D,0.49772,E,0.701
6,06_8,23,2,マタミカンサン,23.95,104.72,1.128,A,82.0,1.0,1.0244,,1.019,0.877,D,1.0,1.074,B,1.141,1.0,A,1.0,,1.0,,1.00556,,1.1315,A,1.128
6,06_8,23,3,ピラニアキッス,21.28,93.06,1.017,,82.2,1.0,0.87846,D,1.019,1.0,,1.0,1.0,,1.051,1.0,B,1.0,,1.00302,,1.07781,B,1.11347,A,1.017
6,06_8,23,4,ヴァリオーサ,4.67,20.43,0.214,E,76.0,1.0,0.18797,E,1.019,0.943,D,1.0,0.96,,1.036,1.0,,1.0,,1.10765,A,1.07567,B,1.25574,SS,0.214
6,06_8,23,5,レリッシュ,0.0,0.0,0.001,E,65.0,1.0,0.97611,,1.019,0.036,E,1.0,0.861,E,0.892,1.0,D,1.0,,1.01045,,0.05398,E,0.01406,E,0.001
6,06_8,23,6,ルージュマローネ,0.59,2.56,0.035,E,67.0,1.0,1.02206,,1.019,0.036,E,1.0,0.88,D,0.925,1.0,D,1.0,,1.00756,,1.13268,A,1.09944,B,0.035
6,06_8,23,7,テンミラージュ,13.58,59.37,0.659,E,73.0,1.0,0.897,D,1.019,0.73,E,1.0,1.0,,0.951,1.0,D,1.0,,1.04519,D,0.9935,,1.23409,S,0.659
6,06_8,23,8,パースウェイド,5.47,23.91,0.27,E,75.0,1.0,0.41047,E,1.019,0.73,E,1.0,0.875,D,0.951,1.0,D,1.0,,1.0,,1.06371,B,1.17877,S,0.27
6,06_8,23,9,ライズトゥザトップ,14.75,64.5,0.938,D,63.0,1.0,1.05738,B,1.019,1.0,,0.883,1.0,D,0.89,1.0,D,1.0,,1.16853,S,0.94841,D,1.0908,B,0.938
6,06_8,23,10,シャンハイナイト,0.59,2.57,0.075,E,73.0,1.0,0.88961,D,1.019,0.812,E,0.983,0.419,E,0.985,1.0,,1.0,,1.05448,B,0.23898,E,0.46723,E,0.075
6,06_8,23,11,キョウエイフロイデ,8.35,36.49,0.777,E,82.0,1.0,0.98923,,1.019,1.0,,0.94,1.0,D,0.915,1.0,D,1.0,,0.86119,E,1.04045,D,0.57258,E,0.777
6,06_8,23,12,ミラクルダンサー,0.55,2.39,0.281,E,8.0,1.0,0.48661,E,1.019,0.621,E,1.0,0.936,D,0.892,1.0,D,1.0,,1.11511,A,0.97964,,1.0651,B,0.281
6,06_9,43,1,マイネルフーガ,2.19,10.71,0.131,E,82.0,1.0,1.10378,A,1.008,0.104,E,1.0,1.0,,1.0,1.0,,1.0,,1.02439,,1.10492,A,0.99856,,0.131
6,06_9,43,2,タイセイリコルド,23.44,114.51,1.225,S,85.0,1.0,1.20797,S,1.008,0.85,E,1.0,1.0,,1.0,1.0,,1.0,,1.04383,D,1.13387,A,1.09991,B,1.225
6,06_9,43,3,ミーントゥビー,4.13,20.18,0.937,D,82.0,1.0,1.03863,,1.008,0.823,E,1.0,1.0,,1.0,1.0,,1.0,,0.98619,,1.10267,A,0.2626,E,0.937
6,06_9,43,4,ダイシンアポロン,8.67,42.34,1.051,B,84.0,1.0,1.18434,S,1.008,0.848,E,1.0,1.0,,1.0,1.0,,1.0,,0.97977,,1.05994,B,0.4794,E,1.051
6,06_9,43,5,ヤマニンアドホック,31.12,152.03,1.519,SS,83.0,1.0,1.11202,A,1.008,1.145,A,1.0,1.0,,1.0,1.0,,1.0,,1.08265,B,1.09286,B,1.20653,S,1.519
6,06_9,43,6,ビーオンザカバー,1.31,6.42,0.314,E,89.0,1.0,0.42509,E,1.008,0.826,E,1.0,1.0,,1.0,1.0,,1.0,,1.1009,A,0.80541,E,0.22976,E,0.314
6,06_9,43,7,ドゥカート,23.74,115.99,1.046,D,80.0,1.0,1.10712,A,1.008,0.829,E,1.0,1.0,,1.0,1.0,,1.0,,1.0545,B,1.07169,B,1.38696,SS,1.046
6,06_9,43,8,レイヤードレッド,3.71,18.13,0.242,E,84.0,1.0,1.104,A,1.008,0.852,E,1.0,1.0,,1.0,1.0,,1.0,,1.0,,0.25477,E,0.89307,D,0.242
6,06_9,43,9,ミラーダカリエンテ,1.69,8.28,0.429,E,82.0,1.0,1.00491,,1.008,0.824,E,1.0,1.0,,1.0,1.0,,1.0,,1.06696,B,0.4818,E,0.23538,E,0.429
6,06_10,43,1,プルナチャンドラ,0.6,1.94,0.019,E,97.0,1.0,1.14889,A,1.008,0.036,E,1.0,1.0,,1.0,1.0,,1.0,,0.54018,E,0.86555,E,1.02828,,0.019
6,06_10,43,2,マンダリンボレロ,0.1,0.34,0.017,E,74.0,1.0,0.99898,,1.008,0.036,E,1.0,1.0,,1.0,1.0,,1.0,,0.45016,E,1.04765,D,0.26663,E,0.017
6,06_10,43,3,ライジンマル,5.07,16.52,0.203,E,83.0,1.0,1.04495,D,1.008,0.803,E,1.0,0.875,D,1.0,1.0,,1.0,,1.13305,A,0.24201,E,0.97953,,0.203
6,06_10,43,4,セザンワールド,2.78,9.06,0.879,D,90.0,1.0,1.00412,,1.008,0.812,E,1.0,0.875,D,1.0,1.0,,1.0,,1.14546,A,1.06765,B,0.11438,E,0.879
6,06_10,43,5,デルマタモン,1.78,5.79,0.148,E,72.0,1.0,0.93852,D,1.008,0.397,E,0.94,1.0,D,1.0,1.0,,1.0,,1.0,,0.41783,E,0.54498,E,0.148
6,06_10,43,6,ヤウガウ,1.74,5.65,0.396,E,69.0,1.0,0.99284,,1.008,0.397,E,1.0,1.0,,1.0,1.0,,1.0,,1.0,,0.99711,,0.20689,E,0.396
6,06_10,43,7,サノノワンダー,6.6,21.49,0.223,E,94.0,1.0,1.03634,,1.008,0.196,E,1.0,0.996,,1.0,1.0,,1.0,,1.17837,S,0.92665,D,1.02579,,0.223
6,06_10,43,8,シグムンド,9.57,31.14,0.804,E,79.0,1.0,1.06349,B,1.008,0.834,E,1.0,0.909,D,1.0,1.0,,1.0,,1.0,,0.98989,,0.49014,E,0.804
6,06_10,43,9,デファイ,24.64,80.22,0.853,E,84.0,1.0,1.06518,B,1.008,0.838,E,1.0,1.0,,1.0,1.0,,1.0,,0.97423,,0.97364,,1.11899,A,0.853
6,06_10,43,10,フィールオーサム,47.12,153.37,1.141,A,106.0,1.0,1.06822,B,1.008,1.0,,1.0,1.0,,1.0,1.0,,1.0,,1.0,,1.0595,B,1.26829,SS,1.141
6,06_11,67,1,マイネルニコラス,0.1,0.59,0.016,E,86.0,1.0,0.57143,E,1.008,0.104,E,1.0,1.0,,1.0,0.887,D,1.0,,1.12767,A,0.26773,E,0.43019,E,0.016
6,06_11,67,2,タイキラフター,13.01,78.8,0.715,E,102.0,1.0,1.04024,D,1.008,0.814,E,1.0,1.0,,1.0,0.877,D,1.0,,1.04067,D,0.91805,D,1.07978,B,0.715
6,06_11,67,3,ミカッテヨンデイイ,0.15,0.93,0.042,E,87.0,1.0,1.02476,,1.008,0.829,E,1.0,1.0,,1.0,0.846,E,1.0,,1.09427,B,0.05308,E,0.25372,E,0.042
6,06_11,67,4,フレーヴァード,6.39,38.68,0.407,E,87.0,1.0,0.48,E,1.008,0.816,E,1.0,1.0,,1.0,0.902,D,1.0,,1.0908,B,1.04837,D,1.09217,B,0.407
6,06_11,67,5,ロジマンボ,0.62,3.74,0.046,E,77.0,1.0,0.48361,E,1.008,0.411,E,1.0,1.0,,1.0,0.826,E,1.0,,1.06848,B,0.26116,E,1.05223,B,0.046
6,06_11,67,6,マイネルブリックス,7.7,46.66,0.471,E,95.0,1.0,1.14724,A,1.008,1.0,,1.0,1.0,,1.0,0.833,E,1.0,,1.12204,A,0.4358,E,1.04248,D,0.471
6,06_11,67,7,シャドウメテオ,31.25,189.28,1.629,SS,89.0,1.0,1.19747,S,1.008,1.013,,1.0,1.0,,1.0,0.997,,1.0,,1.01808,,1.31243,SS,1.30624,SS,1.629
6,06_11,67,8,ドットクルー,0.25,1.52,0.016,E,88.0,1.0,1.09222,B,1.008,0.104,E,1.0,1.0,,1.0,0.907,D,1.0,,0.18301,E,0.86304,E,1.05352,B,0.016
6,06_11,67,9,スパークリシャール,3.52,21.3,0.242,E,98.0,1.0,1.16959,S,1.008,1.0,,1.0,1.0,,1.0,0.801,E,1.0,,1.17384,S,0.21794,E,0.89987,D,0.242
6,06_11,67,10,ショウナンラピダス,2.11,12.78,0.15,E,90.0,1.0,1.23217,S,1.008,0.104,E,1.0,1.0,,1.0,1.066,B,1.0,,1.08455,B,1.00507,,0.94706,D,0.15
6,06_11,67,11,ソリダリティ,2.16,13.08,0.151,E,89.0,1.0,0.45019,E,1.008,0.842,E,1.0,1.0,,1.0,0.809,E,1.0,,1.0365,,0.47013,E,0.97504,,0.151
6,06_11,67,12,コスモフロイデ,0.0,0.0,0.001,E,89.0,1.0,0.22973,E,1.008,1.0,,1.0,1.0,,1.0,0.899,D,1.0,,0.04769,E,0.061,E,0.00754,E,0.001
6,06_11,67,13,ルシフェル,12.44,75.36,0.829,E,90.3,1.0,1.04,,1.008,0.834,E,1.0,1.0,,1.0,0.925,D,1.0,,1.03959,,0.98569,,1.00768,,0.829
6,06_11,67,14,ガジュノリ,0.18,1.09,0.111,E,83.0,1.0,1.14861,A,1.008,0.104,E,1.0,1.0,,1.0,0.855,E,1.0,,1.10025,A,0.97675,,0.11924,E,0.111
6,06_11,67,15,ホウオウムサシ,2.84,17.22,0.79,E,94.0,1.0,1.0243,,1.008,0.846,E,1.0,1.0,,1.0,0.907,D,1.0,,1.07277,B,0.92926,D,0.23188,E,0.79
6,06_11,67,16,エセルフリーダ,16.96,102.71,0.891,D,98.0,1.0,1.03922,,1.008,0.852,E,1.0,1.0,,1.0,1.014,,1.0,,1.01118,,0.9736,,1.17581,S,0.891
6,06_11,67,17,カヨウネンカ,0.15,0.89,0.01,E,86.0,1.0,0.53046,E,1.008,0.104,E,1.0,1.0,,1.0,0.839,E,1.0,,0.98363,,0.22674,E,0.99462,,0.01
6,06_11,67,18,アマイ,0.16,0.99,0.027,E,87.0,1.0,1.14764,A,1.008,0.104,E,1.0,1.0,,1.0,0.971,,1.0,,1.07269,B,0.214,E,0.42708,E,0.027
6,06_12,23,1,アセンブリールーム,33.23,147.33,1.719,SS,86.0,1.0,1.15944,A,1.019,1.071,B,1.0,1.0,,1.0,1.0,,1.0,,1.08016,B,1.25791,SS,0.99607,,1.719
6,06_12,23,2,プリムツァール,26.44,117.25,0.869,E,91.0,1.0,1.0106,,1.019,0.914,D,1.0,1.0,,1.0,1.0,,1.0,,1.13792,A,0.81154,E,1.48296,SS,0.869
6,06_12,23,3,エコロライジン,0.04,0.16,0.021,E,80.0,1.0,0.4734,E,1.019,0.104,E,1.0,1.0,,1.0,1.0,,1.0,,1.00824,,0.4167,E,0.0978,E,0.021
6,06_12,23,4,レッドロスタム,1.49,6.6,0.098,E,83.0,1.0,0.89269,D,1.019,0.104,E,1.0,1.0,,1.0,1.0,,1.0,,1.02616,,1.00864,,0.81313,E,0.098
6,06_12,23,5,イージーブリージー,13.53,60.01,0.679,E,81.0,1.0,0.96554,,1.019,0.746,E,1.0,1.0,,1.0,1.0,,1.0,,0.95682,D,0.96711,,1.09155,B,0.679
6,06_12,23,6,ペプロス,3.55,15.72,1.025,,71.0,1.0,1.1174,A,1.019,0.847,E,1.0,1.0,,1.0,1.0,,1.0,,1.0,,1.06264,B,0.2159,E,1.025
6,06_12,23,7,チョングク,0.57,2.51,0.443,E,97.0,1.0,1.06503,B,1.019,0.84,E,1.0,1.0,,1.0,1.0,,1.0,,0.96805,,0.50215,E,0.05825,E,0.443
6,06_12,23,8,ゴールドシーン,7.56,33.52,0.354,E,80.0,1.0,0.425,E,1.019,0.808,E,1.0,1.0,,1.0,1.0,,1.0,,1.02256,,0.98928,,1.18311,S,0.354
6,06_12,23,9,カイトグート,4.32,19.17,0.475,E,74.0,1.0,0.50131,E,1.019,0.835,E,1.0,1.0,,1.0,1.0,,1.0,,1.05234,B,1.05715,B,0.54596,E,0.475
6,06_12,23,10,スノークローバー,0.02,0.07,0.144,E,69.0,1.0,0.47914,E,1.019,0.722,E,1.0,1.0,,1.0,1.0,,1.0,,0.51032,E,0.80199,E,0.00741,E,0.144
6,06_12,23,11,メランジェ,7.54,33.45,0.437,E,69.0,1.0,0.98256,,1.019,0.839,E,1.0,1.0,,1.0,1.0,,1.0,,1.07976,B,0.48215,E,1.10835,A,0.437
6,06_12,23,12,サトノジール,1.72,7.64,0.101,E,79.0,1.0,0.50992,E,1.019,0.808,E,1.0,1.0,,1.0,1.0,,1.0,,1.10122,A,0.21929,E,0.95354,D,0.101
8,08_1,7,1,タントレーベル,9.42,33.99,0.513,E,57.0,1.0,1.03797,,1.013,0.544,E,1.0,1.0,,0.897,1.0,D,1.0,,1.0,,1.0,,1.16253,S,0.513
8,08_1,7,2,メイショウアカリ,1.23,4.45,0.056,E,72.0,1.0,0.52926,E,1.013,0.197,E,1.0,1.0,,1.016,1.0,,1.0,,1.01261,,0.51769,E,1.09712,B,0.056
8,08_1,7,3,オーブフレッシュ,3.46,12.48,0.42,E,66.0,1.0,0.50588,E,1.013,0.418,E,1.0,1.0,,1.082,1.0,B,1.0,,1.45807,SS,1.24355,S,0.4496,E,0.42
8,08_1,7,4,ドリームハーモニー,1.32,4.76,0.152,E,29.0,1.0,0.19073,E,1.013,0.741,E,0.957,1.048,,0.912,1.0,D,1.0,,1.06453,B,1.09247,B,1.0776,B,0.152
8,08_1,7,5,リーチグローリー,5.46,19.71,0.276,E,63.0,1.0,0.46003,E,1.013,0.73,E,0.94,1.0,D,0.946,1.0,D,1.0,,0.95838,D,0.95236,D,1.13329,A,0.276
8,08_1,7,6,タガノシルフィー,34.36,123.93,1.405,SS,86.0,1.0,0.50499,E,1.013,1.968,SS,1.0,1.0,,1.166,1.0,S,1.0,,1.18131,S,1.01302,,1.02587,,1.405
8,08_1,7,7,アーネストアイズ,7.83,28.26,0.371,E,65.0,1.0,0.42187,E,1.013,0.782,E,1.0,0.931,D,0.986,1.0,,1.0,,1.0,,1.21039,S,1.17157,S,0.371
8,08_1,7,8,シャフメラン,11.01,39.71,0.38,E,81.0,1.0,0.46535,E,1.013,0.824,E,1.0,0.934,D,1.045,1.0,D,1.0,,1.18272,S,0.84677,E,1.28992,SS,0.38
8,08_1,7,9,イルカンダ,12.12,43.73,0.535,E,81.0,1.0,0.50437,E,1.013,0.924,D,1.0,1.043,D,1.082,1.0,B,1.0,,1.0,,1.00404,,1.00899,,0.535
8,08_1,7,10,ブラッドムーン,3.64,13.14,0.308,E,57.0,1.0,0.41333,E,1.013,0.631,E,1.0,0.932,D,0.897,1.0,D,1.0,,1.24671,S,1.11844,A,0.74826,E,0.308
8,08_1,7,11,アークブリッツ,0.58,2.1,0.03,E,59.0,1.0,0.94731,D,1.013,0.036,E,1.0,1.0,,0.946,1.0,D,1.0,,1.0,,0.91063,D,1.20005,S,0.03
8,08_1,7,12,ヴォメロ,9.55,34.45,0.445,E,62.0,1.0,0.49755,E,1.013,0.782,E,1.0,1.0,,0.986,1.0,,1.0,,1.0,,1.14579,A,1.2497,S,0.445
8,08_2,7,1,アドフランマム,2.16,5.1,0.22,E,64.0,1.0,0.45807,E,1.013,1.0,,1.0,1.0,,1.0,1.0,,1.0,,1.06674,B,0.44407,E,0.36221,E,0.22
8,08_2,7,2,トーアウィリアム,1.37,3.24,0.06,E,51.0,1.0,0.46571,E,1.013,0.709,E,1.0,0.911,D,1.0,1.0,,1.0,,1.0,,0.19595,E,1.06371,B,0.06
8,08_2,7,3,ナムラオットー,0.33,0.77,0.013,E,59.0,1.0,0.43299,E,1.013,1.0,,1.0,1.0,,1.0,1.0,,1.0,,0.2596,E,0.11493,E,1.00279,,0.013
8,08_2,7,4,コウユーニポポニコ,8.37,19.8,0.305,E,61.0,1.0,1.13736,A,1.013,0.688,E,0.94,1.0,D,1.0,1.0,,1.0,,0.86531,E,0.47256,E,1.06579,B,0.305
8,08_2,7,5,バンダムソレール,7.98,18.87,0.313,E,66.0,1.0,0.40935,E,1.013,0.682,E,0.92,1.0,D,1.0,1.0,,1.0,,1.10556,A,1.08813,B,0.91363,D,0.313
8,08_2,7,6,ゲレイロ,4.5,10.65,0.127,E,71.0,1.0,1.06392,B,1.013,0.104,E,1.0,1.0,,1.0,1.0,,1.0,,1.0,,1.12977,A,1.18677,S,0.127
8,08_2,7,7,リアルアルバ,14.62,34.56,0.465,E,62.0,1.0,0.41891,E,1.013,1.0,,1.0,1.0,,1.0,1.0,,1.0,,1.0,,1.09465,B,1.20001,S,0.465
8,08_2,7,8,ワイドポティロン,18.29,43.23,0.805,E,74.5,1.0,1.03435,,1.013,0.79,E,1.014,0.981,,1.0,1.0,,1.0,,1.0,,0.97758,,0.72041,E,0.805
8,08_2,7,9,ラヴネヴァーダイズ,3.16,7.48,0.212,E,80.9,1.0,0.51097,E,1.013,1.0,,1.0,1.0,,1.0,1.0,,1.0,,1.00513,,0.40829,E,0.43545,E,0.212
8,08_2,7,10,エンドレスクライ,0.35,0.83,0.016,E,49.0,1.0,0.44656,E,1.013,0.036,E,1.0,0.861,E,1.0,1.0,,1.0,,1.11989,A,1.0357,,1.05142,B,0.016
8,08_2,7,11,セイウンバジリスク,11.2,26.47,0.628,E,41.0,1.0,0.97068,,1.013,0.684,E,0.92,1.0,D,1.0,1.0,,1.0,,1.0,,1.01457,,1.02731,,0.628
8,08_2,7,12,グレートアゲイン,5.66,13.38,0.237,E,56.0,1.0,0.46051,E,1.013,0.647,E,0.907,0.866,E,1.0,1.0,,1.0,,1.0,,1.0,,1.00729,,0.237
8,08_2,7,13,オアシスアラン,16.45,38.9,0.549,E,62.0,1.0,1.00538,,1.013,0.75,E,1.0,1.0,,1.0,1.0,,1.0,,0.84741,E,0.848,E,1.14259,A,0.549
8,08_2,7,14,サンリナリア,5.56,13.14,0.458,E,63.0,1.0,0.46691,E,1.013,1.0,,1.0,1.0,,1.0,1.0,,1.0,,1.0,,0.96873,,0.45503,E,0.458
8,08_3,15,1,レイナサンライズ,5.2,45.52,1.243,S,80.6,1.07717,1.0745,B,0.985,1.0,,1.0,1.0,,1.0,1.0,,1.0,,1.0,,1.09003,B,0.45431,E,1.243
8,08_3,15,2,スマートエトワール,5.76,50.4,0.572,E,80.6,1.09455,1.06271,B,0.985,1.0,,1.0,1.0,,1.0,1.0,,1.0,,1.07926,B,0.46223,E,1.09356,B,0.572
8,08_3,15,3,テリコス,7.38,64.59,1.05,B,80.6,1.04861,1.04387,D,0.985,1.0,,1.0,1.0,,1.0,1.0,,1.0,,1.02572,,0.9494,D,0.76291,E,1.05
8,08_3,15,4,フォーティンブラス,5.13,44.88,0.513,E,80.6,1.07903,0.42714,E,0.985,1.0,,1.0,1.0,,1.0,1.0,,1.0,,1.01753,,1.1095,A,1.08606,B,0.513
8,08_3,15,5,ヒカ,11.11,97.28,1.137,A,80.6,1.09659,1.01154,,0.985,1.0,,1.0,1.0,,1.0,1.0,,1.0,,1.0,,1.04063,D,1.06101,B,1.137
8,08_3,15,6,マダムカマラード,1.09,9.57,0.109,E,80.6,0.46103,1.09444,B,0.985,1.0,,1.0,1.0,,1.0,1.0,,1.0,,0.4458,E,0.49118,E,1.0907,B,0.109
8,08_3,15,7,ソルアモール,1.05,9.16,0.137,E,80.6,1.11447,1.03171,,0.985,1.0,,1.0,1.0,,1.0,1.0,,1.0,,1.05246,B,0.11459,E,0.83207,E,0.137
8,08_3,15,8,ダイイズキャスト,10.46,91.54,1.156,A,80.6,1.07442,1.0053,,0.985,1.0,,1.0,1.0,,1.0,1.0,,1.0,,1.0,,1.08689,B,0.9817,,1.156
8,08_3,15,9,ホーナー,10.77,94.25,1.172,S,80.6,1.06152,1.0456,D,0.985,1.0,,1.0,1.0,,1.0,1.0,,1.0,,1.0,,1.0718,B,0.99747,,1.172
8,08_3,15,10,マリンパレス,1.03,9.01,0.222,E,80.6,0.46843,1.03016,,0.985,1.0,,1.0,1.0,,1.0,1.0,,1.0,,0.44821,E,1.0416,D,0.5038,E,0.222
8,08_3,15,11,トレジャーストーン,13.46,117.86,1.326,SS,80.6,1.04329,0.99778,,0.985,1.0,,1.0,1.0,,1.0,1.0,,1.0,,1.0,,1.29309,SS,1.10238,A,1.326
8,08_3,15,12,メイショウライゴー,6.5,56.92,1.529,SS,80.6,1.09041,1.07991,B,0.985,1.0,,1.0,1.0,,1.0,1.0,,1.0,,1.0,,1.31822,SS,0.46163,E,1.529
8,08_3,15,13,ウインクリンゲル,1.25,10.98,0.174,E,80.6,1.04264,1.00788,,0.985,1.0,,1.0,1.0,,1.0,1.0,,1.0,,1.0,,0.16796,E,0.78314,E,0.174
8,08_3,15,14,ベルラフィネ,15.04,131.65,1.422,SS,80.6,1.09787,1.12043,A,0.985,1.0,,1.0,1.0,,1.0,1.0,,1.0,,1.0966,B,1.07051,B,1.14784,A,1.422
8,08_3,15,15,ジャージーテーラー,2.09,18.34,1.093,B,80.6,1.07285,1.01057,,0.985,1.0,,1.0,1.0,,1.0,1.0,,1.0,,1.0,,1.02344,,0.20813,E,1.093
8,08_3,15,16,ストリートクイーン,2.68,23.5,0.252,E,80.6,1.1641,1.01358,,0.985,1.0,,1.0,1.0,,1.0,1.0,,1.0,,1.0,,0.21708,E,1.1553,A,0.252
8,08_4,23,1,カンカール,0.05,0.26,0.034,E,68.0,1.0,0.96924,,1.019,0.74,E,1.0,1.0,,0.89,1.0,D,1.0,,0.98304,,0.05271,E,0.11303,E,0.034
8,08_4,23,2,ポムドール,0.49,2.68,0.315,E,76.0,1.0,0.99941,,1.019,0.71,E,1.0,1.0,,0.966,1.0,,1.0,,0.96606,,0.4671,E,0.11179,E,0.315
8,08_4,23,3,イーブンベター,8.15,44.72,0.456,E,83.0,1.0,0.45854,E,1.019,1.0,,1.0,0.978,,1.051,1.0,B,1.0,,0.95026,D,1.0,,1.17997,S,0.456
8,08_4,23,4,リトムテール,18.42,100.99,1.104,A,82.2,1.0,1.05552,B,1.019,1.0,,1.0,1.0,,1.031,1.0,,1.0,,1.0805,B,0.92149,D,1.1128,A,1.104
8,08_4,23,5,ルクスデイジー,7.52,41.22,0.502,E,89.0,1.0,0.46821,E,1.019,1.117,A,1.0,0.997,,1.173,1.0,S,1.0,,0.98774,,0.81617,E,0.9216,D,0.502
8,08_4,23,6,ミヤジマナ,2.8,15.35,0.145,E,89.2,1.0,0.19693,E,1.019,0.713,E,1.0,1.0,,0.992,1.0,,1.0,,1.01654,,1.00613,,1.1861,S,0.145
8,08_4,23,7,リンゲルブルーメ,0.28,1.52,0.032,E,74.0,1.0,0.9868,,1.019,0.036,E,1.0,0.974,,0.992,1.0,,1.0,,1.04646,D,0.8788,D,0.6418,E,0.032
8,08_4,23,8,ダノンプリマ,17.26,94.67,0.894,D,91.4,1.0,0.95404,D,1.019,0.804,E,1.0,1.0,,1.036,1.0,,1.0,,1.2243,S,0.90157,D,1.15928,A,0.894
8,08_4,23,9,ヴァカンツァ,9.33,51.19,0.751,E,72.0,1.0,0.99207,,1.019,0.754,E,0.949,1.0,D,0.96,1.0,,1.0,,1.0,,1.08166,B,0.94588,D,0.751
8,08_4,23,10,カフェロワイヤル,4.1,22.49,0.296,E,73.0,1.0,0.38072,E,1.019,0.746,E,0.939,1.0,D,0.925,1.0,D,1.0,,1.1312,A,1.04017,D,1.04087,D,0.296
8,08_4,23,11,サリーチェ,6.34,34.77,0.385,E,84.0,1.0,0.46391,E,1.019,0.808,E,1.0,1.0,,0.994,1.0,,1.0,,1.07763,B,0.94076,D,1.07492,B,0.385
8,08_4,23,12,パシフィックハイ,6.65,36.45,0.692,E,53.0,1.0,0.95526,D,1.019,0.803,E,1.0,1.0,,0.915,1.0,D,1.0,,1.30159,SS,0.74314,E,0.99311,,0.692
8,08_4,23,13,レイム,8.27,45.33,0.987,,86.0,1.0,0.98409,,1.019,0.92,D,1.0,0.934,D,1.011,1.0,,1.0,,1.08925,B,1.04013,D,0.5337,E,0.987
8,08_4,23,14,キトンインザスカイ,7.3,40.06,0.429,E,78.0,1.0,0.44015,E,1.019,1.0,,1.0,1.0,,0.925,1.0,D,1.0,,1.0,,1.03433,,1.19697,S,0.429
8,08_4,23,15,クインズセレネ,0.38,2.11,0.033,E,65.0,1.0,0.87929,D,1.019,0.036,E,1.0,1.0,,0.915,1.0,D,1.0,,1.13639,A,0.99147,,0.9783,,0.033
8,08_4,23,16,ペガサスノース,2.66,14.6,0.176,E,79.0,1.0,1.10066,A,1.019,0.104,E,1.0,1.0,,1.096,1.0,B,1.0,,1.09874,B,1.25583,SS,1.04985,D,0.176
8,08_5,7,1,ダノンオブアイデア,6.43,34.32,0.443,E,72.0,1.0,0.46123,E,1.013,0.818,E,1.0,1.0,,1.0,1.0,,1.0,,1.09373,B,1.05861,B,1.07671,B,0.443
8,08_5,7,2,マイコンチェルト,1.6,8.52,0.196,E,47.0,1.0,0.46004,E,1.013,0.778,E,1.0,1.0,,1.0,1.0,,1.0,,1.16257,S,0.46617,E,0.92268,D,0.196
8,08_5,7,3,プロスト,0.99,5.31,0.086,E,65.1,1.0,0.47903,E,1.013,0.846,E,1.0,1.0,,1.0,1.0,,1.0,,0.4599,E,0.45394,E,0.9511,D,0.086
8,08_5,7,4,マテンロウオリジン,8.21,43.85,0.474,E,89.2,1.0,0.47681,E,1.013,0.914,D,1.0,1.0,,1.0,1.0,,1.0,,1.03043,,1.04266,D,1.0361,,0.474
8,08_5,7,5,イニシオ,5.3,28.31,0.312,E,53.0,1.0,0.43351,E,1.013,0.747,E,1.0,1.0,,1.0,1.0,,1.0,,1.05344,B,0.90279,D,1.71111,SS,0.312
8,08_5,7,6,トゥレネヴェリテ,0.5,2.67,0.052,E,51.0,1.0,0.46376,E,1.013,0.531,E,0.862,0.984,E,1.0,1.0,,1.0,,1.0,,0.24359,E,1.01663,,0.052
8,08_5,7,7,エンジェルボイス,7.05,37.65,0.557,E,70.0,1.0,0.45825,E,1.013,0.829,E,1.0,1.0,,1.0,1.0,,1.0,,1.02299,,1.41502,SS,0.96563,,0.557
8,08_5,7,8,マイネルホウセン,4.37,23.32,0.388,E,51.0,1.0,0.92883,D,1.013,0.734,E,1.0,1.0,,1.0,1.0,,1.0,,1.06904,B,0.52519,E,1.17955,S,0.388
8,08_5,7,9,ドンテスタマスター,15.0,80.09,1.251,SS,49.0,1.0,1.33084,SS,1.013,0.914,D,1.0,1.0,,1.0,1.0,,1.0,,1.0,,1.01532,,1.30696,SS,1.251
8,08_5,7,10,ダイナソーコー,4.93,26.31,0.459,E,62.0,1.0,0.51553,E,1.013,0.85,E,1.0,1.0,,1.0,1.0,,1.0,,1.03372,,1.0,,0.92483,D,0.459
8,08_5,7,11,パウンドフォーワン,2.17,11.61,0.511,E,50.0,1.0,0.46747,E,1.013,1.009,,1.0,1.0,,1.0,1.0,,1.0,,1.0,,1.06864,B,0.45452,E,0.511
8,08_5,7,12,ファインウーマン,0.55,2.93,0.09,E,73.0,1.0,1.08669,B,1.013,0.691,E,1.0,1.0,,1.0,1.0,,1.0,,1.0,,0.11847,E,0.44464,E,0.09
8,08_5,7,13,スズカサートゥル,3.1,16.53,0.402,E,48.0,1.0,0.48069,E,1.013,0.881,D,1.0,1.0,,1.0,1.0,,1.0,,1.0,,0.93781,D,0.85563,E,0.402
8,08_5,7,14,キボウホー,0.13,0.68,0.017,E,33.0,1.0,0.20297,E,1.013,0.397,E,1.0,1.0,,1.0,1.0,,1.0,,1.0,,0.21217,E,1.19004,S,0.017
8,08_5,7,15,オリオンブレード,14.89,79.51,1.063,B,69.0,1.0,1.14219,A,1.013,1.0,,1.0,1.0,,1.0,1.0,,1.0,,0.94103,D,0.9766,,1.08373,B,1.063
8,08_5,7,16,ヒラボクソライア,5.25,28.05,0.424,E,66.0,1.0,0.44546,E,1.013,1.0,,1.0,1.0,,1.0,1.0,,1.0,,0.9719,,0.96569,,1.0035,,0.424
8,08_5,7,17,ブラックオリンピア,17.69,94.47,0.753,E,80.0,1.0,0.49034,E,1.013,1.237,S,1.0,1.0,,1.0,1.0,,1.0,,1.01558,,1.20727,S,1.56781,SS,0.753
8,08_5,7,18,ボクサークラブ,1.84,9.83,0.181,E,50.0,1.0,0.49161,E,1.013,0.409,E,1.0,1.0,,1.0,1.0,,1.0,,0.92971,D,0.95439,D,1.0883,B,0.181
8,08_6,7,1,エロイーズ,3.6,15.42,0.48,E,73.0,1.0,1.12098,A,1.013,0.856,E,1.0,1.0,,1.0,1.0,,1.0,,0.46644,E,1.05891,B,0.44019,E,0.48
8,08_6,7,2,テイスティング,1.61,6.89,0.114,E,55.0,1.0,0.46374,E,1.013,1.0,,1.0,1.0,,1.0,1.0,,1.0,,1.0,,0.24282,E,1.09812,B,0.114
8,08_6,7,3,ミレニアルピンク,0.67,2.86,0.047,E,73.0,1.0,1.16808,S,1.013,0.104,E,1.0,1.0,,1.0,1.0,,1.0,,0.46914,E,0.81792,E,0.82981,E,0.047
8,08_6,7,4,ホーリーステップ,10.58,45.36,0.526,E,82.0,1.0,0.47914,E,1.013,1.0,,1.0,0.944,D,1.0,1.0,,1.0,,1.0,,1.14813,A,1.0514,B,0.526
8,08_6,7,5,タフクッキー,15.37,65.89,0.447,E,73.0,1.0,0.24723,E,1.013,1.212,S,1.0,1.0,,1.0,1.0,,1.0,,1.05817,B,1.39133,SS,2.01984,SS,0.447
8,08_6,7,6,アンガーザガール,0.21,0.9,0.014,E,63.0,1.0,0.99696,,1.013,0.036,E,0.905,0.928,E,1.0,1.0,,1.0,,0.98005,,0.46836,E,1.01962,,0.014
8,08_6,7,7,パゴスピグイノス,0.16,0.69,0.041,E,34.0,1.0,0.97658,,1.013,0.036,E,1.0,0.956,D,1.0,1.0,,1.0,,1.0402,D,1.15676,A,0.4948,E,0.041
8,08_6,7,8,ゼフィルス,18.04,77.34,1.068,B,71.4,1.0,1.05035,B,1.013,0.816,E,1.0,1.0,,1.0,1.0,,1.0,,1.0,,1.22963,S,1.01484,,1.068
8,08_6,7,9,ライゼシュトゥルム,3.05,13.09,0.2,E,66.0,1.0,0.47288,E,1.013,0.84,E,1.0,1.0,,1.0,1.0,,1.0,,1.10986,A,0.44875,E,0.98922,,0.2
8,08_6,7,10,ルナカカオ,4.15,17.8,0.547,E,64.0,1.0,0.49219,E,1.013,1.0,,1.0,1.0,,1.0,1.0,,1.0,,1.10356,A,0.9936,,0.50861,E,0.547
8,08_6,7,11,レインボーステート,7.84,33.62,0.545,E,62.0,1.0,0.89002,D,1.013,0.669,E,0.932,1.0,D,1.0,1.0,,1.0,,0.9498,D,1.01995,,0.99549,,0.545
8,08_6,7,12,センリョウヤクシャ,4.13,17.7,0.763,E,61.0,1.0,1.03237,,1.013,0.715,E,1.0,1.0,,1.0,1.0,,1.0,,1.16884,S,0.87296,D,0.3801,E,0.763
8,08_6,7,13,エバイダンス,15.3,65.57,0.838,E,83.0,1.0,1.04665,D,1.013,0.754,E,1.0,1.0,,1.0,1.0,,1.0,,1.04784,D,1.0,,0.94261,D,0.838
8,08_6,7,14,メルメラーダ,1.64,7.01,0.401,E,79.0,1.0,0.5024,E,1.013,0.811,E,1.0,1.0,,1.0,1.0,,1.0,,1.0,,0.9724,,0.22082,E,0.401
8,08_6,7,15,クリーンブーケ,0.4,1.7,0.052,E,67.0,1.0,1.06677,B,1.013,0.104,E,1.0,1.0,,1.0,1.0,,1.0,,0.94884,D,0.48309,E,0.49261,E,0.052
8,08_6,7,16,アステリアート,9.86,42.27,0.518,E,75.0,1.0,1.10474,A,1.013,1.0,,1.0,1.0,,1.0,1.0,,1.0,,1.0,,0.46314,E,1.08739,B,0.518
8,08_6,7,17,フルフィルメント,3.4,14.57,0.187,E,67.0,1.0,0.4656,E,1.013,0.77,E,1.0,1.0,,1.0,1.0,,1.0,,1.0,,0.51432,E,1.16353,S,0.187
8,08_7,23,1,サンマルミッション,0.31,0.65,0.009,E,71.0,1.0,0.50619,E,1.019,0.746,E,0.966,1.0,,1.0,1.0,,1.0,,0.84544,E,0.0283,E,1.02515,,0.009
8,08_7,23,2,ユキノクラウン,1.59,3.34,0.038,E,81.0,1.0,0.47371,E,1.019,0.197,E,1.0,1.024,,1.0,1.0,,1.0,,0.94215,D,0.40902,E,1.09535,B,0.038
8,08_7,23,3,ヴィーナスバブル,8.03,16.85,0.65,E,62.0,1.0,0.45013,E,1.019,1.0,,1.0,1.0,,1.0,1.0,,1.0,,1.27752,SS,1.10928,A,0.41814,E,0.65
8,08_7,23,4,クロノスバレット,17.65,37.02,0.406,E,79.8,1.0,0.3974,E,1.019,0.894,D,1.0,1.0,,1.0,1.0,,1.0,,1.0,,1.12075,A,1.1429,A,0.406
8,08_7,23,5,マッハレイジング,9.3,19.51,0.397,E,54.0,1.0,0.41396,E,1.019,1.0,,1.0,1.0,,1.0,1.0,,1.0,,0.95895,D,0.98162,,0.90988,D,0.397
8,08_7,23,6,ローズゴジャール,2.12,4.45,0.061,E,65.0,1.0,0.48894,E,1.019,1.0,,1.0,1.0,,1.0,1.0,,1.0,,1.0,,0.12325,E,1.11401,A,0.061
8,08_7,23,7,ワイドクリーガー,11.74,24.62,0.296,E,77.0,1.0,0.42677,E,1.019,1.0,,1.0,1.0,,1.0,1.0,,1.0,,0.83859,E,0.81259,E,1.07879,B,0.296
8,08_7,23,8,ケイアイワイラーパ,11.45,24.02,0.294,E,70.0,1.0,0.403,E,1.019,1.0,,1.0,0.769,E,1.0,1.0,,1.0,,1.10406,A,0.84438,E,1.1658,S,0.294
8,08_7,23,9,ブリオメンテ,0.23,0.49,0.007,E,68.0,1.0,0.2098,E,1.019,0.036,E,0.9,1.0,D,1.0,1.0,,1.0,,1.09182,B,0.92008,D,1.03886,,0.007
8,08_7,23,10,バシリス,13.42,28.14,0.443,E,64.0,1.0,0.38225,E,1.019,1.0,,1.0,1.0,,1.0,1.0,,1.0,,1.26198,SS,0.90161,D,0.99213,,0.443
8,08_7,23,11,アークドール,24.16,50.67,0.47,E,89.0,1.0,0.47883,E,1.019,0.951,D,0.99,1.0,,1.0,1.0,,1.0,,1.0,,1.02396,,1.21113,S,0.47
8,08_8,43,1,セールヴォラン,6.25,33.53,0.364,E,91.0,1.0,0.47102,E,1.008,0.875,D,1.0,1.0,,1.0,1.0,,1.0,,1.0,,0.87579,D,1.01317,,0.364
8,08_8,43,2,モズナイスバディー,8.48,45.47,0.581,E,84.0,1.0,0.91349,D,1.008,0.643,E,1.0,1.0,,1.0,1.0,,1.0,,1.0655,B,0.9206,D,0.93209,D,0.581
8,08_8,43,3,ハリーケーン,0.59,3.16,0.091,E,81.0,1.0,0.18543,E,1.008,0.924,D,1.0,1.0,,1.0,1.0,,1.0,,0.50625,E,1.03644,,0.43044,E,0.091
8,08_8,43,4,スペシャルナンバー,1.78,9.56,0.11,E,85.0,1.0,0.21216,E,1.008,1.0,,1.0,1.103,A,1.0,1.0,,1.0,,1.08803,B,0.42985,E,1.0195,,0.11
8,08_8,43,5,フェデラー,6.47,34.7,0.375,E,84.0,1.0,0.46693,E,1.008,1.0,,0.97,0.891,E,1.0,1.0,,1.0,,1.0,,0.92232,D,1.10119,A,0.375
8,08_8,43,6,ディキシーガンナー,8.89,47.67,0.633,E,90.0,1.0,0.98474,,1.008,0.851,E,0.969,1.0,,1.0,1.0,,1.0,,1.0,,0.77348,E,0.83712,E,0.633
8,08_8,43,7,ジーベック,17.78,95.34,1.008,,88.0,1.0,1.00564,,1.008,1.0,,1.0,1.033,,1.0,1.0,,1.0,,1.0,,0.96277,,1.07456,B,1.008
8,08_8,43,8,ビーマックス,0.55,2.95,0.283,E,94.0,1.0,0.39212,E,1.008,0.764,E,1.0,1.0,,1.0,1.0,,1.0,,1.03469,,0.9064,D,0.11061,E,0.283
8,08_8,43,9,セントールビースト,3.14,16.83,0.264,E,62.0,1.0,0.41275,E,1.008,0.643,E,0.931,1.0,D,1.0,1.0,,1.0,,1.0907,B,0.97225,,1.02806,,0.264
8,08_8,43,10,ヴリトラハン,10.24,54.92,0.526,E,85.0,1.0,0.48333,E,1.008,1.0,,1.0,1.103,A,1.0,1.0,,1.0,,1.09549,B,0.89335,D,1.22895,S,0.526
8,08_8,43,11,フェリ,2.88,15.44,0.233,E,83.0,1.0,0.43218,E,1.008,1.0,,1.0,0.986,,1.0,1.0,,1.0,,1.11864,A,0.48585,E,0.79689,E,0.233
8,08_8,43,12,クラリティスケール,0.3,1.63,0.078,E,82.0,1.0,0.48331,E,1.008,0.74,E,1.0,0.938,D,1.0,1.0,,1.0,,0.49705,E,0.46283,E,0.25485,E,0.078
8,08_8,43,13,プレアデスグループ,11.79,63.25,0.506,E,83.0,1.0,0.4445,E,1.008,1.0,,1.0,0.893,D,1.0,1.0,,1.0,,1.21358,S,1.04291,D,1.50468,SS,0.506
8,08_8,43,14,イマージョン,11.73,62.9,0.583,E,83.0,1.0,0.49486,E,1.008,1.0,,1.0,1.0,,1.0,1.0,,1.0,,1.09549,B,1.06752,B,1.29898,SS,0.583
8,08_8,43,15,ドンパッショーネ,9.13,48.98,0.619,E,79.0,1.0,0.92117,D,1.008,0.688,E,1.0,1.0,,1.0,1.0,,1.0,,1.0,,0.96818,,1.00231,,0.619
8,08_9,115,1,タガノアルトゥーラ,6.72,44.1,0.633,E,72.0,1.0,0.54266,E,1.019,1.16,S,1.0,1.0,,1.0,1.0,,1.0,,0.99972,,0.98692,,0.96754,,0.633
8,08_9,115,2,ラディアントスター,1.93,12.66,0.131,E,79.0,1.0,1.16696,S,1.019,0.104,E,1.0,1.0,,1.0,1.0,,1.0,,1.058,B,1.0,,1.22644,S,0.131
8,08_9,115,3,グレーヌドジョワ,3.27,21.45,0.252,E,77.0,1.0,1.24365,S,1.019,0.2,E,1.0,1.0,,1.0,1.0,,1.0,,1.02512,,0.96886,,1.10745,A,0.252
8,08_9,115,4,ウィズクィーン,10.95,71.88,0.614,E,94.0,1.0,0.49933,E,1.019,1.0,,1.0,1.0,,1.0,1.0,,1.0,,1.0,,1.20575,S,1.24647,S,0.614
8,08_9,115,5,マテンロウゼロ,21.89,143.75,1.339,SS,88.0,1.0,1.15366,A,1.019,0.854,E,1.0,1.0,,1.0,1.0,,1.0,,1.0,,1.33397,SS,1.21977,S,1.339
8,08_9,115,6,アロンソア,1.92,12.61,0.294,E,83.0,1.0,1.32151,SS,1.019,0.916,D,1.0,1.0,,1.0,1.0,,1.0,,1.0,,0.23801,E,0.51754,E,0.294
8,08_9,115,7,ショウナンハヤナミ,7.3,47.96,1.698,SS,75.0,1.0,1.33602,SS,1.019,0.867,E,1.0,1.0,,1.0,1.0,,1.0,,1.1323,A,1.27034,SS,0.37682,E,1.698
8,08_9,115,8,ダークマルス,7.34,48.17,0.429,E,85.0,1.0,0.20304,E,1.019,1.452,SS,1.0,1.0,,1.0,1.0,,1.0,,1.00218,,1.42619,SS,1.31994,SS,0.429
8,08_9,115,9,イベントホライゾン,1.06,6.93,0.063,E,85.0,1.0,0.56146,E,1.019,0.104,E,1.0,1.0,,1.0,1.0,,1.0,,1.02027,,1.04014,D,1.29266,SS,0.063
8,08_9,115,10,オーライカモン,19.2,126.06,1.076,B,88.0,1.0,1.18189,S,1.019,1.0,,1.0,1.0,,1.0,1.0,,1.0,,1.0,,0.89334,D,1.33147,SS,1.076
8,08_9,115,11,ラージアンサンブル,1.54,10.11,0.112,E,77.0,1.0,1.07403,B,1.019,0.104,E,1.0,1.0,,1.0,1.0,,1.0,,1.0,,0.98667,,1.17132,S,0.112
8,08_9,115,12,エルハーベン,14.94,98.11,1.692,SS,51.0,1.0,1.42651,SS,1.019,0.871,D,1.0,1.0,,1.0,1.0,,1.0,,1.15359,A,1.15832,A,1.13728,A,1.692
8,08_9,115,13,アクロフェイズ,1.97,12.92,0.159,E,78.0,1.0,1.26587,SS,1.019,0.104,E,1.0,1.0,,1.0,1.0,,1.0,,1.03496,,1.14455,A,1.04395,D,0.159
8,08_10,67,1,ゴールドダイアー,6.59,34.17,0.812,E,86.0,1.0,1.07317,B,1.008,0.777,E,1.0,1.0,,1.0,1.0,,1.0,,1.0,,0.96634,,0.48907,E,0.812
8,08_10,67,2,マイノワール,2.7,13.98,0.305,E,96.0,1.0,0.43732,E,1.008,0.76,E,0.961,1.0,,1.0,1.0,,1.0,,0.99571,,0.95142,D,0.4774,E,0.305
8,08_10,67,3,ヒロノラメール,15.08,78.23,0.761,E,88.0,1.0,0.99103,,1.008,0.756,E,1.0,1.0,,1.0,1.0,,1.0,,1.06679,B,0.94452,D,1.16874,S,0.761
8,08_10,67,4,アスクシュタイン,23.87,123.8,1.12,A,115.0,1.0,1.13228,A,1.008,0.833,E,1.0,1.0,,1.0,1.0,,1.0,,1.05214,B,1.11916,A,0.96103,,1.12
8,08_10,67,5,リューデスハイム,0.79,4.1,0.047,E,94.0,1.0,1.0569,B,1.008,0.036,E,1.0,1.015,,1.0,1.0,,1.0,,1.01304,,1.18296,S,0.93949,D,0.047
8,08_10,67,6,ペイシャモノノフ,2.93,15.2,0.386,E,83.0,1.0,0.43043,E,1.008,1.0,,1.0,0.918,D,1.0,1.0,,1.0,,1.0,,0.96801,,0.47512,E,0.386
8,08_10,67,7,レーウィン,7.05,36.56,0.344,E,99.0,1.0,0.45569,E,1.008,0.867,E,1.0,0.993,,1.0,1.0,,1.0,,1.09909,B,0.79216,E,1.07319,B,0.344
8,08_10,67,8,シャルクハフト,0.03,0.16,0.006,E,89.0,1.0,0.9564,D,1.008,0.036,E,1.0,0.912,D,1.0,1.0,,1.0,,0.95534,D,0.19376,E,0.31673,E,0.006
8,08_10,67,9,メイショウシナノ,5.53,28.68,0.318,E,93.0,1.0,0.44437,E,1.008,1.0,,1.0,0.769,E,1.0,1.0,,1.0,,1.07393,B,0.85885,E,0.97075,,0.318
8,08_10,67,10,シンビリーブ,14.29,74.12,0.776,E,81.0,1.0,1.00772,,1.008,0.836,E,1.05,1.006,B,1.0,1.0,,1.0,,1.0,,0.86487,E,1.18089,S,0.776
8,08_10,67,11,モズマーヴェリック,4.55,23.58,0.252,E,108.0,1.0,1.165,S,1.008,1.0,,1.0,1.0,,1.0,1.0,,1.0,,0.89961,D,0.23859,E,0.86616,E,0.252
8,08_10,67,12,メイプルタピット,0.83,4.3,0.103,E,82.0,1.0,0.44935,E,1.008,0.757,E,1.0,1.0,,1.0,1.0,,1.0,,0.29955,E,1.0,,0.51044,E,0.103
8,08_10,67,13,ホルトバージ,0.88,4.58,0.069,E,85.0,1.0,0.41358,E,1.008,0.669,E,1.0,0.957,D,1.0,1.0,,1.0,,1.12517,A,0.22966,E,0.78238,E,0.069
8,08_10,67,14,ペンナヴェローチェ,7.61,39.45,0.393,E,101.0,1.0,0.46973,E,1.008,1.0,,1.0,0.909,D,1.0,1.0,,1.0,,1.06792,B,0.85475,E,0.99442,,0.393
8,08_10,67,15,タンゴバイラリン,7.27,37.72,0.428,E,86.0,1.0,1.0662,B,1.008,0.397,E,1.0,1.0,,1.0,1.0,,1.0,,1.02113,,0.9833,,1.02267,,0.428
8,08_11,131,1,クランフォード,16.46,146.54,1.05,B,109.0,1.0,1.09528,B,0.996,0.835,E,1.0,1.0,,1.0,1.0,,1.0,,1.10712,A,1.04138,D,1.28011,SS,1.05
8,08_11,131,2,スズハローム,1.8,16.06,0.163,E,98.0,1.0,1.02905,,0.996,0.823,E,1.0,1.0,,1.0,1.0,,1.0,,1.07566,B,0.17943,E,1.00625,,0.163
8,08_11,131,3,バレエマスター,3.9,34.75,0.421,E,87.0,1.0,0.47612,E,0.996,0.808,E,1.0,1.0,,1.0,1.0,,1.0,,1.06497,B,1.03261,,0.94743,D,0.421
8,08_11,131,4,マイネルチケット,5.72,50.97,0.484,E,102.0,1.0,0.52197,E,0.996,0.865,E,1.0,1.0,,1.0,1.0,,1.0,,1.06309,B,1.01332,,1.03169,,0.484
8,08_11,131,5,レイベリング,2.92,25.99,0.725,E,93.0,1.0,1.05081,B,0.996,0.816,E,1.0,1.0,,1.0,1.0,,1.0,,1.09701,B,0.77378,E,0.38559,E,0.725
8,08_11,131,6,ゾンニッヒ,7.97,70.97,0.583,E,106.0,1.0,1.25477,SS,0.996,1.0,,1.0,1.0,,1.0,1.0,,1.0,,0.46627,E,1.0,,1.14895,A,0.583
8,08_11,131,7,スカイロケット,0.38,3.36,0.043,E,95.0,1.0,0.44361,E,0.996,0.104,E,1.0,1.0,,1.0,1.0,,1.0,,0.99624,,0.93898,D,0.82394,E,0.043
8,08_11,131,8,シヴァース,23.62,210.28,1.244,S,110.0,1.0,1.13958,A,0.996,0.873,D,1.0,1.0,,1.0,1.0,,1.0,,1.07373,B,1.16969,S,1.53575,SS,1.244
8,08_11,131,9,ハクサンバード,1.25,11.15,1.109,A,100.8,1.0,1.1399,A,0.996,1.0,,1.0,1.0,,1.0,1.0,,1.0,,1.03297,,0.94588,D,0.09971,E,1.109
8,08_11,131,10,タガノエルピーダ,4.04,35.96,0.393,E,103.0,1.0,0.4505,E,0.996,0.871,D,1.0,1.0,,1.0,1.0,,1.0,,1.1135,A,0.90368,D,0.88832,D,0.393
8,08_11,131,11,ビップデイジー,17.05,151.81,1.208,S,97.0,1.0,1.22509,S,0.996,0.871,D,1.0,1.0,,1.0,1.0,,1.0,,1.0009,,1.13532,A,1.29606,SS,1.208
8,08_11,131,12,クルゼイロドスル,9.96,88.65,0.752,E,102.0,1.0,0.52425,E,0.996,1.0,,1.0,1.0,,1.0,1.0,,1.0,,1.12509,A,1.28001,SS,1.15578,A,0.752
8,08_11,131,13,セフィロ,4.56,40.61,0.418,E,101.0,1.0,1.03615,,0.996,0.827,E,1.0,1.0,,1.0,1.0,,1.0,,1.25785,SS,0.38939,E,0.96124,,0.418
8,08_11,131,14,ニホンピロキーフ,0.37,3.28,0.063,E,106.0,1.0,1.13404,A,0.996,0.104,E,1.0,1.0,,1.0,1.0,,1.0,,1.02765,,0.52195,E,0.49207,E,0.063
8,08_12,43,1,バンブルビー,36.39,43.58,0.957,D,91.0,1.0,0.99855,,1.008,0.84,E,1.0,1.0,,1.0,1.0,,1.0,,1.0,,1.13137,A,0.50057,E,0.957
8,08_12,43,2,スカプラリオ,7.71,9.23,0.108,E,92.0,1.0,1.01471,,1.008,0.838,E,1.0,1.0,,1.0,1.0,,1.0,,1.12631,A,0.11237,E,0.92459,D,0.108
8,08_12,43,3,ジッピーレーサー,0.8,0.96,0.181,E,86.0,1.0,0.39995,E,1.008,1.0,,1.0,1.0,,1.0,1.0,,1.0,,1.0,,0.4484,E,0.0617,E,0.181
8,08_12,43,4,メイショウカイト,5.4,6.47,0.256,E,95.0,1.0,0.47713,E,1.008,1.0,,1.0,1.0,,1.0,1.0,,1.0,,0.45771,E,1.16349,S,0.26572,E,0.256
8,08_12,43,5,アオイミモザ,10.29,12.33,0.469,E,59.0,1.0,0.43329,E,1.008,1.0,,1.0,1.0,,1.0,1.0,,1.0,,1.00188,,1.0711,B,0.44583,E,0.469
8,08_12,43,6,メイショウヨゾラ,6.65,7.97,0.151,E,74.0,1.0,1.11805,A,1.008,0.104,E,1.0,1.0,,1.0,1.0,,1.0,,1.28885,SS,1.00143,,0.71283,E,0.151
8,08_12,43,7,サヴァビアン,0.57,0.68,0.084,E,82.0,1.0,0.3795,E,1.008,1.0,,1.0,1.0,,1.0,1.0,,1.0,,0.23074,E,0.95367,D,0.09909,E,0.084
8,08_12,43,8,エイムフォーエース,14.33,17.16,1.171,S,86.0,1.0,1.01837,,1.008,0.856,E,1.0,1.0,,1.0,1.0,,1.0,,1.13856,A,1.17022,S,0.17048,E,1.171
8,08_12,43,9,コスタデラルス,2.15,2.58,0.072,E,71.0,1.0,1.01688,,1.008,0.733,E,1.0,0.932,D,1.0,1.0,,1.0,,0.23127,E,0.44382,E,0.50479,E,0.072
8,08_12,43,10,リアライズ,15.32,18.35,0.175,E,95.0,1.0,0.40901,E,1.008,1.0,,1.0,1.0,,1.0,1.0,,1.0,,0.92593,D,0.45857,E,1.10332,A,0.175
8,08_12,43,11,ルトゥール,0.38,0.46,0.007,E,79.0,1.0,0.44643,E,1.008,1.0,,1.0,1.0,,1.0,1.0,,1.0,,1.05507,B,0.01566,E,0.77979,E,0.007
